,property,concept,label
0,is_healthy,goggles,0
1,is_sharp,corkscrew,1
2,is_brown,banana,0
3,is_brown,currant,0
4,is_brown,pine,0
5,is_brown,buttercup,0
6,is_a_tool,tongs,1
7,is_a_tool,wheelbarrow,1
8,is_a_tool,clamp,1
9,has_wheels,land_rover,1
10,has_wheels,bike,1
11,has_wheels,SUV,1
12,has_wheels,motorscooter,1
13,has_wheels,minivan,1
14,has_wheels,cart,1
15,has_wheels,quad_bike,1
16,has_wheels,skateboard,1
17,has_wheels,firetruck,1
18,has_wheels,pushchair,1
19,has_wheels,motocycle,1
20,has_wheels,wheelchair,1
21,has_wheels,snowplough,1
22,has_wheels,recumbent_bicycle,1
23,has_wheels,moped,1
24,has_wheels,bicycle,1
25,has_wheels,carriage,1
26,has_wheels,buggy,1
27,has_wheels,jeep,1
28,has_wheels,scooty,1
29,has_wheels,limousine,1
30,has_wheels,rollerskate,1
31,has_wheels,truck,1
32,has_wheels,station_wagon,1
33,has_wheels,van,1
34,has_wheels,donkey_cart,1
35,has_wheels,electric_scooter,1
36,has_wheels,wheelbarrow,1
37,has_wheels,wagon,1
38,has_wheels,pickup_truck,1
39,has_wheels,recumbent_tricycle,1
40,has_wheels,motor_scooter,1
41,has_wheels,coach,1
42,has_wheels,unicycle,1
43,has_wheels,scooter,1
44,has_wheels,aeroplane,1
45,has_wheels,towtruck,1
46,has_wheels,lawnmower,1
47,has_wheels,motorcyle,1
48,has_wheels,minibus,1
49,has_wheels,trailbike,1
50,has_wheels,pushbike,1
51,has_wheels,quadbike,1
52,has_wheels,oil_tanker,1
53,has_wheels,caravan,1
54,has_wheels,dumper_truck,1
55,has_wheels,pushbikes,1
56,has_wheels,motorycle,1
57,has_wheels,bicyle,1
58,has_wheels,tipper_lorry,1
59,has_wheels,lorry,1
60,has_wheels,motorbike,1
61,has_wheels,car,1
62,has_wheels,pram,1
63,has_wheels,tractor,1
64,has_wheels,wheeler,1
65,has_wheels,dump_truck,1
66,has_wheels,stroller,1
67,has_wheels,ambulance,1
68,has_wheels,motorized_tricycle,1
69,has_wheels,cannon,1
70,has_wheels,cycle_rickshaw,1
71,has_wheels,minibike,1
72,has_wheels,trolley,1
73,has_wheels,trike,1
74,has_wheels,rolls_royce,1
75,has_wheels,schoolbus,1
76,has_wheels,rickshaw,1
77,has_wheels,train,1
78,has_wheels,motorcycle,1
79,has_wheels,trishaw,1
80,has_wheels,taxi,1
81,has_wheels,taxi_cab,1
82,has_wheels,porsche,1
83,has_wheels,hay_wagon,1
84,has_wheels,bus,1
85,has_wheels,tricycle,1
86,has_wheels,range_rover,1
87,has_wheels,golf_cart,1
88,does_lay_eggs,heron,1
89,does_lay_eggs,flamingo,1
90,does_lay_eggs,wren,1
91,does_lay_eggs,goose,1
92,does_lay_eggs,canary,1
93,is_fast,cauliflower,0
94,does_kill,bayonet,1
95,does_kill,pistol,1
96,does_kill,scorpion,1
97,does_kill,bomb,1
98,does_kill,switchblade,1
99,does_kill,tigress,1
100,does_kill,hyena,1
101,does_kill,rattlesnake,1
102,does_kill,jaguar,1
103,does_kill,shotgun,1
104,does_kill,razor,1
105,does_kill,semiautomatic,1
106,does_kill,automatic_pistol,1
107,does_kill,shark,1
108,does_kill,penknife,1
109,does_kill,scissors,1
110,does_kill,colt_pistol,1
111,does_kill,speargun,1
112,does_kill,puff_adder,1
113,does_kill,sword,1
114,does_kill,blade,1
115,does_kill,club,1
116,does_kill,ninja_sword,1
117,does_kill,caliber_revolver,1
118,does_kill,muzzle_loading_rifle,1
119,does_kill,nine_millimeter_pistol,1
120,does_kill,rhinocerous,1
121,does_kill,insecticide_sprays,1
122,does_kill,cutlass,1
123,does_kill,firearms,1
124,does_kill,snow_leopard,1
125,does_kill,blender,1
126,does_kill,crocodile,1
127,does_kill,semiautomatic_pistol,1
128,does_kill,bullet,1
129,does_kill,lion,1
130,does_kill,glock_pistol,1
131,does_kill,grizzly_bear,1
132,does_kill,hangun,1
133,does_kill,knife,1
134,does_kill,dagger,1
135,does_kill,saw,1
136,does_kill,scalpel,1
137,does_kill,crossbow,1
138,does_kill,malayan_tiger,1
139,does_kill,cannon,1
140,does_kill,firearm,1
141,does_kill,varmint_rifle,1
142,does_kill,cougar,1
143,does_kill,semiautomatic_handgun,1
144,does_kill,guage_shotgun,1
145,does_kill,samurai_sword,1
146,does_kill,caliber_handgun,1
147,does_kill,dengue,1
148,does_kill,hippopotamus,1
149,does_kill,dengue_virus,1
150,does_kill,hatchet,1
151,does_kill,wolf,1
152,does_kill,weapon,1
153,does_kill,jellyfish,1
154,does_kill,grizzly,1
155,does_kill,assault_rifle,1
156,does_kill,arrow,1
157,does_kill,leopardess,1
158,does_kill,coyote,1
159,does_kill,poacher,1
160,does_kill,spear,1
161,does_kill,derringer,1
162,does_kill,python,1
163,does_kill,revolver,1
164,does_kill,hippo,1
165,does_kill,chainsaw,1
166,does_kill,gun,1
167,does_kill,blowgun,1
168,does_kill,cocked_pistol,1
169,does_kill,tiger,1
170,does_kill,chisel,1
171,does_kill,liger,1
172,does_kill,king_cobra,1
173,does_kill,alligator,1
174,does_kill,elephant,1
175,does_kill,panther,1
176,does_kill,dinosaur,1
177,does_kill,amur_leopard,1
178,does_kill,handgun,1
179,does_kill,harpoon,1
180,does_kill,cheetah,1
181,does_kill,rifle,1
182,does_kill,poison,1
183,does_kill,grenade,1
184,does_kill,machete,1
185,does_kill,handguns,1
186,does_kill,scythe,1
187,does_kill,hippos,1
188,does_kill,mountain_lion,1
189,does_kill,leopard,1
190,does_kill,barreled_shotgun,1
191,does_kill,katana_sword,1
192,does_kill,kukri,1
193,does_kill,axe,1
194,does_kill,machette,1
195,is_black,calf,1
196,is_black,scorpion,1
197,is_black,tights,1
198,is_black,olive,1
199,is_black,ant,1
200,is_black,cow,1
201,is_black,stockings,1
202,is_black,beetle,1
203,is_black,gorilla,1
204,is_black,hornet,1
205,is_black,mussel,1
206,is_black,limousine,1
207,is_black,cat,1
208,is_black,millipede,1
209,is_black,bat,1
210,is_black,jeans,1
211,is_black,tarantula,1
212,is_black,wand,1
213,is_black,panther,1
214,is_black,slug,1
215,is_black,housefly,1
216,is_black,suit,1
217,is_black,raisin,1
218,is_black,clarinet,1
219,is_black,currant,1
220,is_black,veil,1
221,is_black,cockroach,1
222,is_black,tyre,1
223,is_black,skunk,1
224,is_black,sheep,1
225,is_black,raven,1
226,is_black,hair,1
227,is_black,coffee,1
228,is_black,prune,1
229,is_black,taxi,1
230,is_black,recorder,1
231,is_black,cloak,1
232,is_black,flea,1
233,is_black,spider,1
234,is_black,magpie,1
235,is_black,wetsuit,1
236,is_black,bear,1
237,is_fast,wolf,1
238,is_fast,jeep,1
239,is_fast,horse,1
240,has_roots,bow,0
241,has_roots,herring,0
242,has_teeth,shark,1
243,is_hard,coach,1
244,is_hard,rock,1
245,is_hard,bullet,1
246,is_hard,nut,1
247,is_an_animal,screw,0
248,is_an_animal,spanner,0
249,is_an_animal,carrot,0
250,is_an_animal,raspberry,0
251,is_an_animal,eucalyptus,0
252,is_an_animal,mittens,0
253,is_an_animal,chest_of_drawers,0
254,is_an_animal,kettle,0
255,is_an_animal,wheelchair,0
256,is_an_animal,shotgun,0
257,is_an_animal,flute,0
258,is_an_animal,penknife,0
259,is_an_animal,rhubarb,0
260,is_an_animal,sunflower,0
261,is_an_animal,boat,0
262,is_an_animal,carriage,0
263,is_an_animal,tuba,0
264,is_an_animal,yoyo,0
265,is_an_animal,birch,0
266,is_an_animal,apron,0
267,is_an_animal,truck,0
268,is_an_animal,thimble,0
269,is_an_animal,comb,0
270,is_an_animal,trombone,0
271,is_an_animal,pin,0
272,is_an_animal,coach,0
273,is_an_animal,swing,0
274,is_an_animal,rice,0
275,is_an_animal,ball,0
276,is_an_animal,drill,0
277,is_an_animal,bean,0
278,is_an_animal,puppet,0
279,is_an_animal,pinecone,0
280,is_an_animal,bullet,0
281,is_an_animal,tent,0
282,is_an_animal,grapefruit,0
283,is_an_animal,lantern,0
284,is_an_animal,clarinet,0
285,is_an_animal,grater,0
286,is_an_animal,leek,0
287,is_an_animal,necklace,0
288,is_an_animal,balloon,0
289,is_an_animal,saw,0
290,is_an_animal,scalpel,0
291,is_an_animal,rolling_pin,0
292,is_an_animal,asparagus,0
293,is_an_animal,scarf,0
294,is_an_animal,carnation,0
295,is_an_animal,raft,0
296,is_an_animal,rolls_royce,0
297,is_an_animal,telephone,0
298,is_an_animal,turnip,0
299,is_an_animal,belt,0
300,is_an_animal,castle,0
301,is_an_animal,nail_polish,0
302,is_an_animal,broom,0
303,is_an_animal,cap,0
304,is_an_animal,daffodil,0
305,is_an_animal,tights,0
306,is_an_animal,lime,0
307,is_an_animal,pillow,0
308,is_an_animal,spear,0
309,is_an_animal,parka,0
310,is_an_animal,organ,0
311,is_an_animal,corkscrew,0
312,is_an_animal,mask,0
313,is_an_animal,mug,0
314,is_an_animal,avocado,0
315,is_an_animal,sink,0
316,is_an_animal,spinach,0
317,is_an_animal,artichoke,0
318,is_an_animal,swimsuit,0
319,is_an_animal,moped,0
320,is_an_animal,sycamore,0
321,is_an_animal,sandals,0
322,is_an_animal,lily,0
323,is_an_animal,spatula,0
324,is_an_animal,unicycle,0
325,is_an_animal,pineapple,0
326,is_an_animal,rake,0
327,is_an_animal,shirt,0
328,is_an_animal,leotard,0
329,is_an_animal,badge,0
330,is_an_animal,skirt,0
331,is_an_animal,oil_tanker,0
332,is_an_animal,saxophone,0
333,is_an_animal,camera,0
334,is_an_animal,watch,0
335,is_an_animal,coin,0
336,is_an_animal,car,0
337,is_an_animal,pram,0
338,is_an_animal,goggles,0
339,is_an_animal,onion,0
340,is_an_animal,elm,0
341,is_an_animal,boots,0
342,is_an_animal,submarine,0
343,is_an_animal,bed,0
344,is_an_animal,flannel,0
345,is_an_animal,banana,0
346,is_an_animal,cork,0
347,is_an_animal,crowbar,0
348,is_an_animal,dandelion,0
349,is_an_animal,sellotape,0
350,is_an_animal,bridge,0
351,is_an_animal,marigold,0
352,is_an_animal,castenets,0
353,is_an_animal,dishwasher,0
354,is_an_animal,taxi,0
355,is_an_animal,radio,0
356,is_an_animal,radish,0
357,is_an_animal,tray,0
358,is_an_animal,ladder,0
359,is_an_animal,table,0
360,is_an_animal,rose,0
361,is_an_animal,coat,0
362,is_an_animal,hyacinth,0
363,is_an_animal,apple,0
364,is_an_animal,microscope,0
365,is_an_animal,grape,0
366,is_an_animal,potato,0
367,is_an_animal,stove,0
368,is_an_animal,scissors,0
369,is_an_animal,kite,0
370,is_an_animal,shovel,0
371,is_an_animal,hammer,0
372,is_an_animal,sword,0
373,is_an_animal,bat,0
374,is_an_animal,club,0
375,is_an_animal,bath,0
376,is_an_animal,whisk,0
377,is_an_animal,catapault,0
378,is_an_animal,earmuffs,0
379,is_an_animal,washing_machine,0
380,is_an_animal,helmet,0
381,is_an_animal,tomato,0
382,is_an_animal,gate,0
383,is_an_animal,marble,0
384,is_an_animal,cupboard,0
385,is_an_animal,robe,0
386,is_an_animal,wheel,0
387,is_an_animal,plum,0
388,is_an_animal,helicopter,0
389,is_an_animal,ambulance,0
390,is_an_animal,bench,0
391,is_an_animal,sock,0
392,is_an_animal,pyjamas,0
393,is_an_animal,button,0
394,is_an_animal,train,0
395,is_an_animal,shoes,0
396,is_an_animal,mirror,0
397,is_an_animal,cymbal,0
398,is_an_animal,aubergine,0
399,is_an_animal,recorder,0
400,is_an_animal,bus,0
401,is_an_animal,peg,0
402,is_an_animal,dinghy,0
403,is_an_animal,sofa,0
404,is_an_animal,cello,0
405,is_an_animal,harpsichord,0
406,is_an_animal,peeler,0
407,is_an_animal,hoe,0
408,is_an_animal,peas,0
409,is_an_animal,gong,0
410,is_an_animal,skateboard,0
411,is_an_animal,stool,0
412,is_an_animal,bikini,0
413,is_an_animal,clock,0
414,is_an_animal,bow,0
415,is_an_animal,garlic,0
416,is_an_animal,trousers,0
417,is_an_animal,slippers,0
418,is_an_animal,pliers,0
419,is_an_animal,ferry,0
420,is_an_animal,gherkin,0
421,is_an_animal,buggy,0
422,is_an_animal,speedboat,0
423,is_an_animal,limousine,0
424,is_an_animal,van,0
425,is_an_animal,ring,0
426,is_an_animal,ladle,0
427,is_an_animal,plough,0
428,is_an_animal,chisel,0
429,is_an_animal,glider,0
430,is_an_animal,bowl,0
431,is_an_animal,tea,0
432,is_an_animal,tangerine,0
433,is_an_animal,bolts,0
434,is_an_animal,fern,0
435,is_an_animal,rifle,0
436,is_an_animal,basin,0
437,is_an_animal,cabbage,0
438,is_an_animal,coffin,0
439,is_an_animal,ship,0
440,is_an_animal,chair,0
441,is_an_animal,trolley,0
442,is_an_animal,celery,0
443,is_an_animal,coffee_machine,0
444,is_an_animal,cape,0
445,is_an_animal,desk,0
446,is_an_animal,jacket,0
447,is_an_animal,guitar,0
448,is_an_animal,peach,0
449,is_an_animal,tripod,0
450,is_an_animal,chain,0
451,is_an_animal,bookcase,0
452,is_an_animal,spirit_level,0
453,is_an_animal,bra,0
454,is_an_animal,range_rover,0
455,is_an_animal,axe,0
456,is_an_animal,shield,0
457,is_an_animal,trowel,0
458,is_an_animal,buckle,0
459,is_an_animal,chandelier,0
460,is_an_animal,pistol,0
461,is_an_animal,barge,0
462,is_an_animal,mat,0
463,is_an_animal,nut,0
464,is_an_animal,thermometer,0
465,is_an_animal,fork,0
466,is_an_animal,razor,0
467,is_an_animal,moss,0
468,is_an_animal,spade,0
469,is_an_animal,tank,0
470,is_an_animal,sweet_potato,0
471,is_an_animal,orange,0
472,is_an_animal,brussel_sprouts,0
473,is_an_animal,strawberry,0
474,is_an_animal,broccoli,0
475,is_an_animal,lamp,0
476,is_an_animal,armchair,0
477,is_an_animal,bin,0
478,is_an_animal,mushroom,0
479,is_an_animal,daisy,0
480,is_an_animal,melon,0
481,is_an_animal,lipstick,0
482,is_an_animal,boomerang,0
483,is_an_animal,antler,0
484,is_an_animal,spoon,0
485,is_an_animal,wand,0
486,is_an_animal,coffee_pot,0
487,is_an_animal,blender,0
488,is_an_animal,sledge,0
489,is_an_animal,anchor,0
490,is_an_animal,wallet,0
491,is_an_animal,tractor,0
492,is_an_animal,armour,0
493,is_an_animal,key,0
494,is_an_animal,knickers,0
495,is_an_animal,tweezers,0
496,is_an_animal,knife,0
497,is_an_animal,bagpipes,0
498,is_an_animal,rattle,0
499,is_an_animal,pumpkin,0
500,is_an_animal,cannon,0
501,is_an_animal,nail,0
502,is_an_animal,geranium,0
503,is_an_animal,colander,0
504,is_an_animal,hair,0
505,is_an_animal,brush,0
506,is_an_animal,blueberry,0
507,is_an_animal,projector,0
508,is_an_animal,hose,0
509,is_an_animal,land_rover,0
510,is_an_animal,trumpet,0
511,is_an_animal,tongs,0
512,is_an_animal,olive,0
513,is_an_animal,cart,0
514,is_an_animal,bell,0
515,is_an_animal,revolver,0
516,is_an_animal,cherry,0
517,is_an_animal,cup,0
518,is_an_animal,oak,0
519,is_an_animal,dates,0
520,is_an_animal,flip_flops,0
521,is_an_animal,yacht,0
522,is_an_animal,hook,0
523,is_an_animal,fence,0
524,is_an_animal,gun,0
525,is_an_animal,rollerskate,0
526,is_an_animal,pen,0
527,is_an_animal,television,0
528,is_an_animal,buttercup,0
529,is_an_animal,barrel,0
530,is_an_animal,surfboard,0
531,is_an_animal,napkin,0
532,is_an_animal,corn,0
533,is_an_animal,cutting_board,0
534,is_an_animal,harpoon,0
535,is_an_animal,whip,0
536,is_an_animal,toilet,0
537,is_an_animal,nectarine,0
538,is_an_animal,grenade,0
539,is_an_animal,machete,0
540,is_an_animal,french_horn,0
541,is_an_animal,bucket,0
542,is_an_animal,whistle,0
543,is_an_animal,blouse,0
544,is_an_animal,gloves,0
545,is_an_animal,poppy,0
546,is_an_animal,houseboat,0
547,is_an_animal,motorcycle,0
548,is_an_animal,typewriter,0
549,is_an_animal,pipe,0
550,is_an_animal,canoe,0
551,is_an_animal,courgette,0
552,is_an_animal,banjo,0
553,is_an_animal,rocking_chair,0
554,is_an_animal,jug,0
555,is_an_animal,hatchet,0
556,is_an_animal,bayonet,0
557,is_an_animal,mop,0
558,is_an_animal,kayak,0
559,is_an_animal,strainer,0
560,is_an_animal,bomb,0
561,is_an_animal,clamp,0
562,is_an_animal,tobacco,0
563,is_an_animal,zoo,0
564,is_an_animal,sultana,0
565,is_an_animal,cauliflower,0
566,is_an_animal,lemon,0
567,is_an_animal,dresser,0
568,is_an_animal,window,0
569,is_an_animal,rocket,0
570,is_an_animal,bicycle,0
571,is_an_animal,bracelet,0
572,is_an_animal,crane,0
573,is_an_animal,perfume,0
574,is_an_animal,bottle,0
575,is_an_animal,seaweed,0
576,is_an_animal,dress,0
577,is_an_animal,tambourine,0
578,is_an_animal,jeans,0
579,is_an_animal,hutch,0
580,is_an_animal,aeroplane,0
581,is_an_animal,caravan,0
582,is_an_animal,tugboat,0
583,is_an_animal,tulip,0
584,is_an_animal,cradle,0
585,is_an_animal,parsley,0
586,is_an_animal,suit,0
587,is_an_animal,cage,0
588,is_an_animal,currant,0
589,is_an_animal,drum,0
590,is_an_animal,harp,0
591,is_an_animal,beak,0
592,is_an_animal,bag,0
593,is_an_animal,dagger,0
594,is_an_animal,crossbow,0
595,is_an_animal,deckchair,0
596,is_an_animal,syringe,0
597,is_an_animal,prune,0
598,is_an_animal,sweater,0
599,is_an_animal,throne,0
600,is_an_animal,umbrella,0
601,is_an_animal,pine,0
602,is_an_animal,kitchen_scales,0
603,is_an_animal,coconut,0
604,is_an_animal,microwave,0
605,is_an_animal,wetsuit,0
606,is_an_animal,jar,0
607,is_an_animal,plate,0
608,is_an_animal,arrow,0
609,is_an_animal,crayon,0
610,is_an_animal,pencil,0
611,is_an_animal,needle,0
612,is_an_animal,pansy,0
613,is_an_animal,can_opener,0
614,is_an_animal,stockings,0
615,is_an_animal,doll,0
616,is_an_animal,watermelon,0
617,is_an_animal,bellows,0
618,is_an_animal,willow,0
619,is_an_animal,screwdriver,0
620,is_an_animal,stick,0
621,is_an_animal,accordion,0
622,is_an_animal,piano,0
623,is_an_animal,chainsaw,0
624,is_an_animal,basket,0
625,is_an_animal,jeep,0
626,is_an_animal,fridge,0
627,is_an_animal,skeeter,0
628,is_an_animal,frisbee,0
629,is_an_animal,cucumber,0
630,is_an_animal,wheelbarrow,0
631,is_an_animal,harmonica,0
632,is_an_animal,orchid,0
633,is_an_animal,satsuma,0
634,is_an_animal,cushion,0
635,is_an_animal,skis,0
636,is_an_animal,doorknob,0
637,is_an_animal,shawl,0
638,is_an_animal,football,0
639,is_an_animal,gown,0
640,is_an_animal,dice,0
641,is_an_animal,lorry,0
642,is_an_animal,pear,0
643,is_an_animal,kiwi_fruit,0
644,is_an_animal,raisin,0
645,is_an_animal,ruler,0
646,is_an_animal,fir,0
647,is_an_animal,toaster,0
648,is_an_animal,veil,0
649,is_an_animal,lettuce,0
650,is_an_animal,apricot,0
651,is_an_animal,scythe,0
652,is_an_animal,oven,0
653,is_an_animal,dressing_gown,0
654,is_an_animal,violin,0
655,is_an_animal,box,0
656,is_an_animal,porsche,0
657,is_an_animal,cloak,0
658,is_an_animal,ashtray,0
659,is_an_animal,tricycle,0
660,is_an_animal,satchel,0
661,does_swim,minnow,1
662,is_brown,beer,1
663,is_brown,gorilla,1
664,is_brown,hyena,1
665,is_brown,goat,1
666,is_brown,bean,1
667,is_brown,cigarette,1
668,is_brown,wolf,1
669,has_a_handle_handles,jam,0
670,has_a_handle_handles,bolts,0
671,has_a_handle_handles,bat,0
672,has_a_handle_handles,apron,0
673,has_a_handle_handles,gloves,0
674,is_white,peas,0
675,is_pretty_attractive_beautiful,rose,1
676,is_pretty_attractive_beautiful,flamingo,1
677,is_pretty_attractive_beautiful,fern,1
678,is_pretty_attractive_beautiful,daisy,1
679,keeps_warm_makes_warm,boots,1
680,is_big_large,ruler,0
681,is_big_large,goldfish,0
682,is_big_large,budgie,0
683,has_pips_seeds,melon,1
684,has_pips_seeds,apricot,1
685,has_pips_seeds,lime,1
686,is_yellow,daffodil,1
687,is_yellow,corn,1
688,is_yellow,champagne,1
689,is_yellow,grapefruit,1
690,is_yellow,lemon,1
691,is_yellow,rose,1
692,is_yellow,cheese,1
693,is_yellow,butter,1
694,is_yellow,plum,1
695,is_yellow,banana,1
696,is_yellow,beer,1
697,is_yellow,apricot,1
698,is_yellow,crane,1
699,is_yellow,dandelion,1
700,is_yellow,cider,1
701,is_yellow,budgie,1
702,is_yellow,lemonade,1
703,is_yellow,buttercup,1
704,is_yellow,marigold,1
705,is_yellow,taxi,1
706,is_yellow,sandpaper,1
707,is_yellow,daisy,1
708,is_yellow,melon,1
709,is_yellow,canary,1
710,made_of_metal,barge,1
711,made_of_metal,bench,1
712,made_of_metal,buggy,1
713,made_of_metal,arrow,1
714,made_of_metal,table,1
715,made_of_metal,rolls_royce,1
716,made_of_metal,telephone,1
717,made_of_metal,stool,1
718,made_of_metal,kettle,1
719,made_of_metal,whisk,1
720,does_protect,umbrella,1
721,does_protect,apron,1
722,is_pink,rhubarb,1
723,is_pink,radish,1
724,is_white,ibuprofen,1
725,is_white,bean,1
726,is_white,paper,1
727,is_white,valium,1
728,is_white,basin,1
729,is_white,taxi,1
730,is_white,wolf,1
731,is_white,butter,1
732,is_white,cabbage,1
733,is_small,heart,1
734,is_small,raspberry,1
735,is_small,kiwi_fruit,1
736,is_small,lamb,1
737,is_small,garlic,1
738,is_small,dates,1
739,is_small,pliers,1
740,is_small,parakeet,1
741,is_small,bracelet,1
742,is_small,hornet,1
743,is_small,mussel,1
744,is_small,sock,1
745,is_small,cucumber,1
746,is_small,marigold,1
747,is_small,pin,1
748,is_small,tambourine,1
749,is_small,radio,1
750,is_small,chisel,1
751,is_small,spider,1
752,is_small,radish,1
753,is_small,brick,1
754,is_small,nail_polish,1
755,has_a_stalk_stem,rattle,0
756,has_a_stalk_stem,mackerel,0
757,has_a_stalk_stem,prune,0
758,is_a_weapon,scythe,1
759,is_a_weapon,bayonet,1
760,is_a_weapon,dagger,1
761,has_legs,scorpion,1
762,has_legs,woodpecker,1
763,has_legs,squirrel,1
764,has_legs,mouse,1
765,has_legs,millipede,1
766,has_legs,lion,1
767,has_legs,camel,1
768,has_legs,dog,1
769,has_legs,sofa,1
770,does_smell_is_smelly,poppy,0
771,does_protect,pen,0
772,does_protect,sunflower,0
773,has_a_blade_blades,sword,1
774,has_a_blade_blades,spear,1
775,made_of_wood,mop,1
776,made_of_wood,kayak,1
777,made_of_wood,tray,1
778,made_of_wood,ladder,1
779,made_of_wood,table,1
780,made_of_wood,chest_of_drawers,1
781,made_of_wood,dresser,1
782,made_of_wood,boat,1
783,made_of_wood,carriage,1
784,made_of_wood,yoyo,1
785,made_of_wood,birch,1
786,made_of_wood,comb,1
787,made_of_wood,armchair,1
788,made_of_wood,tambourine,1
789,made_of_wood,bat,1
790,made_of_wood,club,1
791,made_of_wood,hutch,1
792,made_of_wood,swing,1
793,made_of_wood,catapault,1
794,made_of_wood,boomerang,1
795,made_of_wood,wand,1
796,made_of_wood,gate,1
797,made_of_wood,sledge,1
798,made_of_wood,cupboard,1
799,made_of_wood,cradle,1
800,made_of_wood,puppet,1
801,made_of_wood,clarinet,1
802,made_of_wood,drum,1
803,made_of_wood,harp,1
804,made_of_wood,rolling_pin,1
805,made_of_wood,crossbow,1
806,made_of_wood,rattle,1
807,made_of_wood,bench,1
808,made_of_wood,raft,1
809,made_of_wood,deckchair,1
810,made_of_wood,button,1
811,made_of_wood,throne,1
812,made_of_wood,recorder,1
813,made_of_wood,brush,1
814,made_of_wood,pine,1
815,made_of_wood,peg,1
816,made_of_wood,broom,1
817,made_of_wood,cello,1
818,made_of_wood,harpsichord,1
819,made_of_wood,arrow,1
820,made_of_wood,pencil,1
821,made_of_wood,spear,1
822,made_of_wood,organ,1
823,made_of_wood,skateboard,1
824,made_of_wood,stool,1
825,made_of_wood,clock,1
826,made_of_wood,bow,1
827,made_of_wood,willow,1
828,made_of_wood,stick,1
829,made_of_wood,accordion,1
830,made_of_wood,oak,1
831,made_of_wood,hook,1
832,made_of_wood,piano,1
833,made_of_wood,fence,1
834,made_of_wood,sycamore,1
835,made_of_wood,barrel,1
836,made_of_wood,spatula,1
837,made_of_wood,plough,1
838,made_of_wood,skis,1
839,made_of_wood,doorknob,1
840,made_of_wood,cutting_board,1
841,made_of_wood,dice,1
842,made_of_wood,harpoon,1
843,made_of_wood,elm,1
844,made_of_wood,ruler,1
845,made_of_wood,fir,1
846,made_of_wood,coffin,1
847,made_of_wood,bed,1
848,made_of_wood,ship,1
849,made_of_wood,chair,1
850,made_of_wood,desk,1
851,made_of_wood,violin,1
852,made_of_wood,bridge,1
853,made_of_wood,guitar,1
854,made_of_wood,castenets,1
855,made_of_wood,houseboat,1
856,made_of_wood,pipe,1
857,made_of_wood,canoe,1
858,made_of_wood,bookcase,1
859,made_of_wood,banjo,1
860,made_of_wood,rocking_chair,1
861,made_of_wood,shield,1
862,is_grown,sunflower,1
863,is_grown,daffodil,1
864,is_grown,currant,1
865,is_grown,nut,1
866,is_grown,cucumber,1
867,is_worn,ring,1
868,is_worn,leotard,1
869,is_worn,belt,1
870,is_soft,lips,1
871,is_colourful,bouquet,1
872,is_colourful,bikini,1
873,has_a_tail,veil,0
874,has_a_tail,gorilla,0
875,has_a_tail,lemon,0
876,has_wings,bat,1
877,does_smell_is_smelly,orchid,1
878,does_smell_is_smelly,perfume,1
879,does_smell_is_smelly,cigarette,1
880,does_smell_is_smelly,moss,1
881,does_smell_is_smelly,cigar,1
882,does_smell_is_smelly,pansy,1
883,is_tall,key,0
884,is_small,pram,0
885,is_small,rifle,0
886,is_small,watermelon,0
887,is_small,melon,0
888,is_small,salmon,0
889,is_small,harpoon,0
890,is_used_in_cooking,fava,1
891,is_used_in_cooking,pimiento,1
892,is_used_in_cooking,shortbread_crust,1
893,is_used_in_cooking,pimientos,1
894,is_used_in_cooking,anise_seed,1
895,is_used_in_cooking,kabocha_squash,1
896,is_used_in_cooking,carrot,1
897,is_used_in_cooking,raspberry,1
898,is_used_in_cooking,peas,1
899,is_used_in_cooking,strainer,1
900,is_used_in_cooking,tongs,1
901,is_used_in_cooking,lime,1
902,is_used_in_cooking,soup,1
903,is_used_in_cooking,microwave,1
904,is_used_in_cooking,bread,1
905,is_used_in_cooking,nut,1
906,is_used_in_cooking,olive,1
907,is_used_in_cooking,oyster,1
908,is_used_in_cooking,burrito,1
909,is_used_in_cooking,unsalted_butter,1
910,is_used_in_cooking,sultana,1
911,is_used_in_cooking,cauliflower,1
912,is_used_in_cooking,lemon,1
913,is_used_in_cooking,chocolate,1
914,is_used_in_cooking,cherry,1
915,is_used_in_cooking,garlic,1
916,is_used_in_cooking,watermelon,1
917,is_used_in_cooking,blanched_almond,1
918,is_used_in_cooking,crusty_roll,1
919,is_used_in_cooking,apple,1
920,is_used_in_cooking,spinach,1
921,is_used_in_cooking,artichoke,1
922,is_used_in_cooking,yoghurt,1
923,is_used_in_cooking,grape,1
924,is_used_in_cooking,dates,1
925,is_used_in_cooking,prawn,1
926,is_used_in_cooking,rhubarb,1
927,is_used_in_cooking,potato,1
928,is_used_in_cooking,crab,1
929,is_used_in_cooking,sweet_potato,1
930,is_used_in_cooking,orange,1
931,is_used_in_cooking,stove,1
932,is_used_in_cooking,strawberry,1
933,is_used_in_cooking,gherkin,1
934,is_used_in_cooking,jelly,1
935,is_used_in_cooking,pimento,1
936,is_used_in_cooking,apron,1
937,is_used_in_cooking,broccoli,1
938,is_used_in_cooking,mussel,1
939,is_used_in_cooking,coconut_flake,1
940,is_used_in_cooking,peanut,1
941,is_used_in_cooking,doughnut,1
942,is_used_in_cooking,cardamom_seed,1
943,is_used_in_cooking,jam,1
944,is_used_in_cooking,pie,1
945,is_used_in_cooking,spatula,1
946,is_used_in_cooking,mushroom,1
947,is_used_in_cooking,fruit_chutney,1
948,is_used_in_cooking,ice_cream,1
949,is_used_in_cooking,pineapple,1
950,is_used_in_cooking,satsuma,1
951,is_used_in_cooking,chicken_wing,1
952,is_used_in_cooking,melon,1
953,is_used_in_cooking,taco,1
954,is_used_in_cooking,rice,1
955,is_used_in_cooking,piquillo_pepper,1
956,is_used_in_cooking,whisk,1
957,is_used_in_cooking,maple_glaze,1
958,is_used_in_cooking,pimentos,1
959,is_used_in_cooking,blanched_vegetable,1
960,is_used_in_cooking,basil_leaf,1
961,is_used_in_cooking,scallop,1
962,is_used_in_cooking,tomato,1
963,is_used_in_cooking,blender,1
964,is_used_in_cooking,bean,1
965,is_used_in_cooking,corn,1
966,is_used_in_cooking,sunchoke,1
967,is_used_in_cooking,parsley,1
968,is_used_in_cooking,sardine,1
969,is_used_in_cooking,pear,1
970,is_used_in_cooking,tangerine,1
971,is_used_in_cooking,witlof,1
972,is_used_in_cooking,bacon,1
973,is_used_in_cooking,plump_raisin,1
974,is_used_in_cooking,potato_mash,1
975,is_used_in_cooking,kiwi_fruit,1
976,is_used_in_cooking,grapefruit,1
977,is_used_in_cooking,porcini,1
978,is_used_in_cooking,onion,1
979,is_used_in_cooking,grater,1
980,is_used_in_cooking,cheese,1
981,is_used_in_cooking,leek,1
982,is_used_in_cooking,currant,1
983,is_used_in_cooking,raisin,1
984,is_used_in_cooking,nectarine,1
985,is_used_in_cooking,plum,1
986,is_used_in_cooking,butter,1
987,is_used_in_cooking,knife,1
988,is_used_in_cooking,biscuit,1
989,is_used_in_cooking,toaster,1
990,is_used_in_cooking,cabbage,1
991,is_used_in_cooking,mango,1
992,is_used_in_cooking,butterscotch_chip,1
993,is_used_in_cooking,chile_flake,1
994,is_used_in_cooking,rolling_pin,1
995,is_used_in_cooking,sugar,1
996,is_used_in_cooking,chicken,1
997,is_used_in_cooking,asparagus,1
998,is_used_in_cooking,frangipane,1
999,is_used_in_cooking,apricot,1
1000,is_used_in_cooking,mayonnaise,1
1001,is_used_in_cooking,hardboiled_egg,1
1002,is_used_in_cooking,chestnut,1
1003,is_used_in_cooking,ketchup,1
1004,is_used_in_cooking,oven,1
1005,is_used_in_cooking,cider,1
1006,is_used_in_cooking,chopped_dill,1
1007,is_used_in_cooking,lemonade,1
1008,is_used_in_cooking,pepperoncini,1
1009,is_used_in_cooking,broccoli_slaw,1
1010,is_used_in_cooking,turnip,1
1011,is_used_in_cooking,grilled_cheese,1
1012,is_used_in_cooking,prune,1
1013,is_used_in_cooking,ham,1
1014,is_used_in_cooking,peach,1
1015,is_used_in_cooking,aubergine,1
1016,is_used_in_cooking,flour,1
1017,is_used_in_cooking,chocolate_morsel,1
1018,is_used_in_cooking,lobster,1
1019,is_used_in_cooking,pepperoni_pizza,1
1020,is_used_in_cooking,chilli_jam,1
1021,is_used_in_cooking,cake,1
1022,is_used_in_cooking,wire_whisk,1
1023,is_used_in_cooking,salted_butter,1
1024,is_used_in_cooking,courgette,1
1025,is_used_in_cooking,kitchen_scales,1
1026,is_used_in_cooking,blueberry,1
1027,is_used_in_cooking,coconut,1
1028,is_used_in_cooking,egg_yolk,1
1029,is_used_in_cooking,shrimp,1
1030,is_used_in_cooking,sour_cream,1
1031,is_used_in_cooking,gruy√®re,1
1032,is_pretty_attractive_beautiful,ambulance,0
1033,is_a_vegetable,bean,1
1034,has_feathers,dragonfly,0
1035,has_feathers,squirrel,0
1036,has_feathers,rock,0
1037,has_feathers,cupboard,0
1038,has_feathers,hair,0
1039,is_a_musical_instrument,shirt,0
1040,has_wheels,carrot,0
1041,has_wheels,raspberry,0
1042,has_wheels,eucalyptus,0
1043,has_wheels,emu,0
1044,has_wheels,otter,0
1045,has_wheels,butterfly,0
1046,has_wheels,shark,0
1047,has_wheels,boat,0
1048,has_wheels,packhorse,0
1049,has_wheels,rhubarb,0
1050,has_wheels,sunflower,0
1051,has_wheels,birch,0
1052,has_wheels,apron,0
1053,has_wheels,monkey,0
1054,has_wheels,rice,0
1055,has_wheels,skijor,0
1056,has_wheels,kangaroo,0
1057,has_wheels,scallop,0
1058,has_wheels,squirrel,0
1059,has_wheels,bean,0
1060,has_wheels,puppet,0
1061,has_wheels,llama,0
1062,has_wheels,grapefruit,0
1063,has_wheels,cheese,0
1064,has_wheels,leek,0
1065,has_wheels,chipmunk,0
1066,has_wheels,biscuit,0
1067,has_wheels,sugar,0
1068,has_wheels,asparagus,0
1069,has_wheels,scarf,0
1070,has_wheels,carnation,0
1071,has_wheels,chestnut,0
1072,has_wheels,turnip,0
1073,has_wheels,ham,0
1074,has_wheels,pigeon,0
1075,has_wheels,flea,0
1076,has_wheels,carp,0
1077,has_wheels,wolf,0
1078,has_wheels,nightingale,0
1079,has_wheels,jellyfish,0
1080,has_wheels,cap,0
1081,has_wheels,daffodil,0
1082,has_wheels,lime,0
1083,has_wheels,pillow,0
1084,has_wheels,pulk,0
1085,has_wheels,ant,0
1086,has_wheels,avocado,0
1087,has_wheels,walrus,0
1088,has_wheels,beetle,0
1089,has_wheels,spinach,0
1090,has_wheels,artichoke,0
1091,has_wheels,yoghurt,0
1092,has_wheels,hippo,0
1093,has_wheels,heron,0
1094,has_wheels,sycamore,0
1095,has_wheels,lily,0
1096,has_wheels,ice_cream,0
1097,has_wheels,tarantula,0
1098,has_wheels,pineapple,0
1099,has_wheels,clam,0
1100,has_wheels,shirt,0
1101,has_wheels,skirt,0
1102,has_wheels,swan,0
1103,has_wheels,seagull,0
1104,has_wheels,dove,0
1105,has_wheels,bacon,0
1106,has_wheels,onion,0
1107,has_wheels,elm,0
1108,has_wheels,winch,0
1109,has_wheels,flannel,0
1110,has_wheels,banana,0
1111,has_wheels,cockroach,0
1112,has_wheels,pelican,0
1113,has_wheels,dandelion,0
1114,has_wheels,sheep,0
1115,has_wheels,toe,0
1116,has_wheels,marigold,0
1117,has_wheels,spider,0
1118,has_wheels,radish,0
1119,has_wheels,ostrich,0
1120,has_wheels,stick_insect,0
1121,has_wheels,dog_sled,0
1122,has_wheels,calf,0
1123,has_wheels,rose,0
1124,has_wheels,chocolate,0
1125,has_wheels,hyacinth,0
1126,has_wheels,whale,0
1127,has_wheels,rattlesnake,0
1128,has_wheels,apple,0
1129,has_wheels,trawler,0
1130,has_wheels,grape,0
1131,has_wheels,prawn,0
1132,has_wheels,potato,0
1133,has_wheels,mussel,0
1134,has_wheels,jam,0
1135,has_wheels,bat,0
1136,has_wheels,cricket,0
1137,has_wheels,trout,0
1138,has_wheels,rhino,0
1139,has_wheels,tomato,0
1140,has_wheels,frog,0
1141,has_wheels,hamster,0
1142,has_wheels,robe,0
1143,has_wheels,plum,0
1144,has_wheels,raccoon,0
1145,has_wheels,hedgehog,0
1146,has_wheels,cider,0
1147,has_wheels,goldfish,0
1148,has_wheels,sock,0
1149,has_wheels,pyjamas,0
1150,has_wheels,aubergine,0
1151,has_wheels,lobster,0
1152,has_wheels,ship_docked,0
1153,has_wheels,magpie,0
1154,has_wheels,peas,0
1155,has_wheels,soup,0
1156,has_wheels,seal,0
1157,has_wheels,octopus,0
1158,has_wheels,cow,0
1159,has_wheels,garlic,0
1160,has_wheels,trousers,0
1161,has_wheels,donkey,0
1162,has_wheels,nose,0
1163,has_wheels,skidoos,0
1164,has_wheels,arm,0
1165,has_wheels,gherkin,0
1166,has_wheels,hornet,0
1167,has_wheels,zebra,0
1168,has_wheels,mackerel,0
1169,has_wheels,elephant,0
1170,has_wheels,rat,0
1171,has_wheels,toad,0
1172,has_wheels,slug,0
1173,has_wheels,tea,0
1174,has_wheels,tangerine,0
1175,has_wheels,fern,0
1176,has_wheels,ladybird,0
1177,has_wheels,butter,0
1178,has_wheels,cabbage,0
1179,has_wheels,goose,0
1180,has_wheels,sled,0
1181,has_wheels,chicken,0
1182,has_wheels,ship,0
1183,has_wheels,gerbil,0
1184,has_wheels,celery,0
1185,has_wheels,cape,0
1186,has_wheels,husky_sled,0
1187,has_wheels,ox,0
1188,has_wheels,centipede,0
1189,has_wheels,jacket,0
1190,has_wheels,peach,0
1191,has_wheels,vessel,0
1192,has_wheels,bra,0
1193,has_wheels,crayfish,0
1194,has_wheels,porcupine,0
1195,has_wheels,starling,0
1196,has_wheels,scorpion,0
1197,has_wheels,mouse,0
1198,has_wheels,nut,0
1199,has_wheels,hyena,0
1200,has_wheels,wren,0
1201,has_wheels,termite,0
1202,has_wheels,cargo_ship,0
1203,has_wheels,moss,0
1204,has_wheels,sweet_potato,0
1205,has_wheels,orange,0
1206,has_wheels,duck,0
1207,has_wheels,brussel_sprouts,0
1208,has_wheels,strawberry,0
1209,has_wheels,broccoli,0
1210,has_wheels,cat,0
1211,has_wheels,robin,0
1212,has_wheels,foot,0
1213,has_wheels,mushroom,0
1214,has_wheels,daisy,0
1215,has_wheels,deer,0
1216,has_wheels,melon,0
1217,has_wheels,battleship,0
1218,has_wheels,toboggan,0
1219,has_wheels,moth,0
1220,has_wheels,sparrow,0
1221,has_wheels,buffalo,0
1222,has_wheels,flounder,0
1223,has_wheels,thumb,0
1224,has_wheels,pony,0
1225,has_wheels,ear,0
1226,has_wheels,eel,0
1227,has_wheels,knickers,0
1228,has_wheels,crusier,0
1229,has_wheels,mango,0
1230,has_wheels,pumpkin,0
1231,has_wheels,leg,0
1232,has_wheels,geranium,0
1233,has_wheels,cruise_liner,0
1234,has_wheels,hair,0
1235,has_wheels,lemonade,0
1236,has_wheels,cake,0
1237,has_wheels,turtle,0
1238,has_wheels,hawk,0
1239,has_wheels,cod,0
1240,has_wheels,blueberry,0
1241,has_wheels,shrimp,0
1242,has_wheels,guinea_pig,0
1243,has_wheels,wasp,0
1244,has_wheels,bread,0
1245,has_wheels,olive,0
1246,has_wheels,cockerel,0
1247,has_wheels,squid,0
1248,has_wheels,cherry,0
1249,has_wheels,warship,0
1250,has_wheels,oak,0
1251,has_wheels,dates,0
1252,has_wheels,seahorse,0
1253,has_wheels,yacht,0
1254,has_wheels,gorilla,0
1255,has_wheels,rabbit,0
1256,has_wheels,peanut,0
1257,has_wheels,eagle,0
1258,has_wheels,doughnut,0
1259,has_wheels,millipede,0
1260,has_wheels,buttercup,0
1261,has_wheels,flamingo,0
1262,has_wheels,camel,0
1263,has_wheels,tiger,0
1264,has_wheels,alligator,0
1265,has_wheels,panther,0
1266,has_wheels,corn,0
1267,has_wheels,lizard,0
1268,has_wheels,housefly,0
1269,has_wheels,whisky,0
1270,has_wheels,sardine,0
1271,has_wheels,finger,0
1272,has_wheels,skidoo,0
1273,has_wheels,beaver,0
1274,has_wheels,cruise_ship,0
1275,has_wheels,nectarine,0
1276,has_wheels,kingfisher,0
1277,has_wheels,mayonnaise,0
1278,has_wheels,woodpecker,0
1279,has_wheels,worm,0
1280,has_wheels,piton,0
1281,has_wheels,wine,0
1282,has_wheels,raven,0
1283,has_wheels,salmon,0
1284,has_wheels,blouse,0
1285,has_wheels,tailboard,0
1286,has_wheels,leopard,0
1287,has_wheels,pig,0
1288,has_wheels,gloves,0
1289,has_wheels,poppy,0
1290,has_wheels,courgette,0
1291,has_wheels,mosquito,0
1292,has_wheels,grasshopper,0
1293,has_wheels,bear,0
1294,has_wheels,bee,0
1295,has_wheels,fox,0
1296,has_wheels,tobacco,0
1297,has_wheels,champagne,0
1298,has_wheels,merchant_vessel,0
1299,has_wheels,skiis,0
1300,has_wheels,sultana,0
1301,has_wheels,cauliflower,0
1302,has_wheels,lemon,0
1303,has_wheels,dolphin,0
1304,has_wheels,schooner,0
1305,has_wheels,snail,0
1306,has_wheels,sandwich,0
1307,has_wheels,parakeet,0
1308,has_wheels,crane,0
1309,has_wheels,goat,0
1310,has_wheels,platypus,0
1311,has_wheels,budgie,0
1312,has_wheels,seaweed,0
1313,has_wheels,minnow,0
1314,has_wheels,dress,0
1315,has_wheels,tambourine,0
1316,has_wheels,tuna,0
1317,has_wheels,tugboat,0
1318,has_wheels,iguana,0
1319,has_wheels,peacock,0
1320,has_wheels,crocodile,0
1321,has_wheels,sledging,0
1322,has_wheels,tulip,0
1323,has_wheels,parsley,0
1324,has_wheels,suit,0
1325,has_wheels,milk,0
1326,has_wheels,lion,0
1327,has_wheels,caterpillar,0
1328,has_wheels,currant,0
1329,has_wheels,drum,0
1330,has_wheels,lamb,0
1331,has_wheels,dragonfly,0
1332,has_wheels,ketchup,0
1333,has_wheels,herring,0
1334,has_wheels,freighter,0
1335,has_wheels,sledged,0
1336,has_wheels,prune,0
1337,has_wheels,backcountry_ski,0
1338,has_wheels,owl,0
1339,has_wheels,sweater,0
1340,has_wheels,buzzard,0
1341,has_wheels,dog,0
1342,has_wheels,horse,0
1343,has_wheels,frigate,0
1344,has_wheels,pine,0
1345,has_wheels,coconut,0
1346,has_wheels,penguin,0
1347,has_wheels,arrow,0
1348,has_wheels,falcon,0
1349,has_wheels,oyster,0
1350,has_wheels,pansy,0
1351,has_wheels,turkey,0
1352,has_wheels,stockings,0
1353,has_wheels,tortoise,0
1354,has_wheels,doll,0
1355,has_wheels,watermelon,0
1356,has_wheels,willow,0
1357,has_wheels,boxship,0
1358,has_wheels,lips,0
1359,has_wheels,crab,0
1360,has_wheels,jelly,0
1361,has_wheels,cucumber,0
1362,has_wheels,pie,0
1363,has_wheels,orchid,0
1364,has_wheels,satsuma,0
1365,has_wheels,cushion,0
1366,has_wheels,shawl,0
1367,has_wheels,partridge,0
1368,has_wheels,gown,0
1369,has_wheels,zorb,0
1370,has_wheels,moose,0
1371,has_wheels,pear,0
1372,has_wheels,kiwi_fruit,0
1373,has_wheels,raisin,0
1374,has_wheels,cheetah,0
1375,has_wheels,fir,0
1376,has_wheels,locust,0
1377,has_wheels,lettuce,0
1378,has_wheels,apricot,0
1379,has_wheels,icy_slope,0
1380,has_wheels,skunk,0
1381,has_wheels,dressing_gown,0
1382,has_wheels,giraffe,0
1383,has_wheels,coffee,0
1384,has_wheels,naval_vessel,0
1385,has_wheels,sledger,0
1386,has_wheels,cloak,0
1387,has_wheels,hummingbird,0
1388,has_wheels,canary,0
1389,does_grow,carnation,1
1390,does_grow,chestnut,1
1391,does_grow,eucalyptus,1
1392,does_grow,oak,1
1393,does_grow,prune,1
1394,is_thin,finger,1
1395,is_thin,asparagus,1
1396,is_thin,pliers,1
1397,is_thin,thumb,0
1398,has_leaves,orchid,1
1399,has_leaves,sycamore,1
1400,has_leaves,carrot,1
1401,has_leaves,prune,1
1402,is_played_does_play,organ,1
1403,is_tall,bookcase,1
1404,is_tall,ladder,1
1405,is_heavy,tractor,1
1406,is_heavy,chainsaw,1
1407,is_heavy,cannon,1
1408,is_heavy,lorry,1
1409,is_heavy,castle,1
1410,has_a_seat_seats,sofa,1
1411,has_a_seat_seats,van,1
1412,has_a_seat_seats,ferry,1
1413,is_for_children,pram,1
1414,is_for_children,frisbee,1
1415,is_sweet,kiwi_fruit,1
1416,is_sweet,dates,1
1417,is_sweet,watermelon,1
1418,is_sweet,peanut,1
1419,is_found_in_kitchens,hummingbird,0
1420,has_a_stalk_stem,apricot,1
1421,has_a_stalk_stem,blueberry,1
1422,has_a_stalk_stem,turnip,1
1423,has_keys,organ,1
1424,made_of_glass,deer,0
1425,made_of_glass,rope,0
1426,made_of_glass,tricycle,0
1427,made_of_glass,razor_blade,0
1428,made_of_glass,bone,0
1429,is_found_in_kitchens,spoon,1
1430,is_found_in_kitchens,apron,1
1431,made_of_cotton,knickers,1
1432,is_tasty,crab,1
1433,is_tasty,scallop,1
1434,is_tasty,carrot,1
1435,is_tasty,lime,1
1436,is_tasty,cider,1
1437,is_tasty,herring,1
1438,is_tasty,cucumber,1
1439,is_tasty,tangerine,1
1440,is_tasty,kiwi_fruit,1
1441,is_tasty,brandy,1
1442,is_tasty,rice,1
1443,is_tasty,cabbage,1
1444,is_tasty,artichoke,1
1445,has_claws,ant,0
1446,is_sharp,butter,0
1447,is_sharp,tongs,0
1448,is_sharp,hammer,0
1449,has_eyes,cabbage,0
1450,has_an_engine,carriage,0
1451,is_a_plant,tarantula,0
1452,has_a_beak,partridge,1
1453,is_a_tool,beer,0
1454,is_a_tool,swimsuit,0
1455,has_flesh,cherry,1
1456,is_tasty,gun,0
1457,is_tasty,chain,0
1458,does_fly,flounder,0
1459,does_fly,veil,0
1460,is_a_bird,dragonfly,0
1461,is_a_bird,squirrel,0
1462,is_an_insect,housefly,1
1463,has_wings,sheep,0
1464,has_wings,bat,0
1465,has_wings,motorcycle,0
1466,has_wings,helicopter,0
1467,made_of_fabric_cloth_material,kite,1
1468,made_of_fabric_cloth_material,badge,1
1469,is_big_large,boat,1
1470,is_big_large,gorilla,1
1471,is_big_large,peacock,1
1472,is_big_large,speedboat,1
1473,is_big_large,limousine,1
1474,is_big_large,eagle,1
1475,is_big_large,organ,1
1476,is_big_large,deer,1
1477,is_big_large,wolf,1
1478,is_big_large,submarine,1
1479,is_big_large,helicopter,1
1480,has_a_blade_blades,kettle,0
1481,has_a_blade_blades,raisin,0
1482,has_a_blade_blades,watch,0
1483,is_clothing,cheese,0
1484,is_clothing,biscuit,0
1485,has_four_legs,owl,0
1486,has_four_legs,courgette,0
1487,is_healthy,banana,1
1488,is_healthy,brussel_sprouts,1
1489,is_healthy,pineapple,1
1490,is_healthy,parsley,1
1491,is_healthy,dates,1
1492,is_black,raspberry,0
1493,is_black,eucalyptus,0
1494,is_black,nut,0
1495,is_black,champagne,0
1496,is_black,otter,0
1497,is_black,cauliflower,0
1498,is_black,chocolate,0
1499,is_black,apple,0
1500,is_black,grape,0
1501,is_black,prawn,0
1502,is_black,rhubarb,0
1503,is_black,sweet_potato,0
1504,is_black,brussel_sprouts,0
1505,is_black,strawberry,0
1506,is_black,broccoli,0
1507,is_black,melon,0
1508,is_black,kangaroo,0
1509,is_black,scallop,0
1510,is_black,parsley,0
1511,is_black,milk,0
1512,is_black,lion,0
1513,is_black,brandy,0
1514,is_black,grapefruit,0
1515,is_black,leek,0
1516,is_black,mango,0
1517,is_black,sugar,0
1518,is_black,asparagus,0
1519,is_black,chestnut,0
1520,is_black,ketchup,0
1521,is_black,cider,0
1522,is_black,geranium,0
1523,is_black,herring,0
1524,is_black,ham,0
1525,is_black,nightingale,0
1526,is_black,cod,0
1527,is_black,pine,0
1528,is_black,coconut,0
1529,is_black,shrimp,0
1530,is_black,daffodil,0
1531,is_black,lime,0
1532,is_black,peas,0
1533,is_black,bread,0
1534,is_black,walrus,0
1535,is_black,watermelon,0
1536,is_black,willow,0
1537,is_black,spinach,0
1538,is_black,artichoke,0
1539,is_black,yoghurt,0
1540,is_black,ibuprofen,0
1541,is_black,gherkin,0
1542,is_black,sycamore,0
1543,is_black,peanut,0
1544,is_black,cucumber,0
1545,is_black,buttercup,0
1546,is_black,flamingo,0
1547,is_black,camel,0
1548,is_black,pineapple,0
1549,is_black,elephant,0
1550,is_black,heart,0
1551,is_black,corn,0
1552,is_black,whisky,0
1553,is_black,pear,0
1554,is_black,kiwi_fruit,0
1555,is_black,bacon,0
1556,is_black,onion,0
1557,is_black,fern,0
1558,is_black,beaver,0
1559,is_black,elm,0
1560,is_black,nectarine,0
1561,is_black,fir,0
1562,is_black,butter,0
1563,is_black,cabbage,0
1564,is_black,locust,0
1565,is_black,lettuce,0
1566,is_black,kingfisher,0
1567,is_black,apricot,0
1568,is_black,mayonnaise,0
1569,is_black,dandelion,0
1570,is_black,celery,0
1571,is_black,wine,0
1572,is_black,salmon,0
1573,is_black,giraffe,0
1574,is_black,peach,0
1575,is_black,marigold,0
1576,is_black,flour,0
1577,is_black,aspirin,0
1578,is_black,courgette,0
1579,is_black,radish,0
1580,is_black,canary,0
1581,has_leaves,codeine,0
1582,has_leaves,bellows,0
1583,has_leaves,perfume,0
1584,has_leaves,rollerskate,0
1585,has_leaves,giraffe,0
1586,has_skin_peel,currant,0
1587,has_skin_peel,cannon,0
1588,made_of_plastic,cannon,0
1589,made_of_plastic,bicycle,0
1590,made_of_plastic,scythe,0
1591,made_of_plastic,hoe,0
1592,made_of_plastic,goldfish,0
1593,made_of_plastic,gong,0
1594,made_of_plastic,lemonade,0
1595,made_of_plastic,tambourine,0
1596,made_of_plastic,grater,0
1597,made_of_plastic,unicycle,0
1598,made_of_plastic,wheelchair,0
1599,made_of_plastic,shotgun,0
1600,made_of_plastic,stick,0
1601,made_of_plastic,caravan,0
1602,is_found_in_seas,hellbender,0
1603,is_found_in_seas,guinea_pig,0
1604,is_found_in_seas,elephant,0
1605,is_found_in_seas,grizzly,0
1606,is_found_in_seas,calf,0
1607,is_found_in_seas,iguana,0
1608,is_found_in_seas,roach,0
1609,is_found_in_seas,marmot,0
1610,is_found_in_seas,squirrel,0
1611,is_found_in_seas,panther,0
1612,is_found_in_seas,rhino,0
1613,is_found_in_seas,muskrat,0
1614,is_found_in_seas,bluegill,0
1615,is_found_in_seas,toad,0
1616,is_found_in_seas,coyote,0
1617,is_found_in_seas,hamster,0
1618,is_found_in_seas,lizard,0
1619,is_found_in_seas,fox,0
1620,is_found_in_seas,bobcat,0
1621,is_found_in_seas,moose,0
1622,is_found_in_seas,mouse,0
1623,is_found_in_seas,lynx,0
1624,is_found_in_seas,rodent,0
1625,is_found_in_seas,table,0
1626,is_found_in_seas,pony,0
1627,is_found_in_seas,lion,0
1628,is_found_in_seas,stool,0
1629,is_found_in_seas,llama,0
1630,is_found_in_seas,cow,0
1631,is_found_in_seas,hyena,0
1632,is_found_in_seas,chub,0
1633,is_found_in_seas,beaver,0
1634,is_found_in_seas,wheel,0
1635,is_found_in_seas,stoat,0
1636,is_found_in_seas,tortoise,0
1637,is_found_in_seas,lamb,0
1638,is_found_in_seas,bed,0
1639,is_found_in_seas,raccoon,0
1640,is_found_in_seas,donkey,0
1641,is_found_in_seas,hippo,0
1642,is_found_in_seas,chair,0
1643,is_found_in_seas,hedgehog,0
1644,is_found_in_seas,elk,0
1645,is_found_in_seas,rabbit,0
1646,is_found_in_seas,goat,0
1647,is_found_in_seas,walleye,0
1648,is_found_in_seas,sheep,0
1649,is_found_in_seas,skunk,0
1650,is_found_in_seas,cat,0
1651,is_found_in_seas,cougar,0
1652,is_found_in_seas,peregrine,0
1653,is_found_in_seas,leopard,0
1654,is_found_in_seas,desk,0
1655,is_found_in_seas,giraffe,0
1656,is_found_in_seas,pig,0
1657,is_found_in_seas,ox,0
1658,is_found_in_seas,owl,0
1659,is_found_in_seas,ring,0
1660,is_found_in_seas,barbel,0
1661,is_found_in_seas,vole,0
1662,is_found_in_seas,tiger,0
1663,is_found_in_seas,dog,0
1664,is_found_in_seas,carp,0
1665,is_found_in_seas,deer,0
1666,is_found_in_seas,wolf,0
1667,is_found_in_seas,trapper,0
1668,is_found_in_seas,zebra,0
1669,is_found_in_seas,horse,0
1670,is_found_in_seas,satchel,0
1671,is_found_in_seas,bird,0
1672,is_found_in_seas,buffalo,0
1673,is_found_in_seas,porcupine,0
1674,has_an_engine,submarine,1
1675,has_an_engine,ship,1
1676,does_eat,camel,1
1677,does_eat,partridge,1
1678,does_eat,rattlesnake,1
1679,does_eat,octopus,1
1680,does_eat,crayfish,1
1681,is_found_in_seas,longfin,1
1682,is_found_in_seas,seabird,1
1683,is_found_in_seas,longline,1
1684,is_found_in_seas,catfish,1
1685,is_found_in_seas,seal,1
1686,is_found_in_seas,octopus,1
1687,is_found_in_seas,fish,1
1688,is_found_in_seas,oyster,1
1689,is_found_in_seas,dolphin,1
1690,is_found_in_seas,codfish,1
1691,is_found_in_seas,shearwater,1
1692,is_found_in_seas,squid,1
1693,is_found_in_seas,jellyfish,1
1694,is_found_in_seas,walrus,1
1695,is_found_in_seas,whale,1
1696,is_found_in_seas,manatee,1
1697,is_found_in_seas,dogfish,1
1698,is_found_in_seas,seahorse,1
1699,is_found_in_seas,prawn,1
1700,is_found_in_seas,seafood,1
1701,is_found_in_seas,shark,1
1702,is_found_in_seas,burbot,1
1703,is_found_in_seas,yellowfin,1
1704,is_found_in_seas,crab,1
1705,is_found_in_seas,crayfish,1
1706,is_found_in_seas,kelp,1
1707,is_found_in_seas,mussel,1
1708,is_found_in_seas,crustaceans,1
1709,is_found_in_seas,threadfin,1
1710,is_found_in_seas,rockfish,1
1711,is_found_in_seas,sturgeon,1
1712,is_found_in_seas,mussels,1
1713,is_found_in_seas,seaweed,1
1714,is_found_in_seas,sculpin,1
1715,is_found_in_seas,tuna,1
1716,is_found_in_seas,caplin,1
1717,is_found_in_seas,seabass,1
1718,is_found_in_seas,pogy,1
1719,is_found_in_seas,surfboard,1
1720,is_found_in_seas,clam,1
1721,is_found_in_seas,bluefins,1
1722,is_found_in_seas,halibut,1
1723,is_found_in_seas,seashell,1
1724,is_found_in_seas,muskellunge,1
1725,is_found_in_seas,bluefin,1
1726,is_found_in_seas,mackerel,1
1727,is_found_in_seas,crabs,1
1728,is_found_in_seas,trout,1
1729,is_found_in_seas,oil_tanker,1
1730,is_found_in_seas,tugboat,1
1731,is_found_in_seas,gurnard,1
1732,is_found_in_seas,seagull,1
1733,is_found_in_seas,scallop,1
1734,is_found_in_seas,flounder,1
1735,is_found_in_seas,anchovy,1
1736,is_found_in_seas,anchor,1
1737,is_found_in_seas,jewfish,1
1738,is_found_in_seas,bream,1
1739,is_found_in_seas,porbeagle,1
1740,is_found_in_seas,sardine,1
1741,is_found_in_seas,swordfish,1
1742,is_found_in_seas,eel,1
1743,is_found_in_seas,shellfish,1
1744,is_found_in_seas,butterfish,1
1745,is_found_in_seas,grouper,1
1746,is_found_in_seas,crustacean,1
1747,is_found_in_seas,flatfish,1
1748,is_found_in_seas,cuttlefish,1
1749,is_found_in_seas,pilchard,1
1750,is_found_in_seas,ship,1
1751,is_found_in_seas,pelican,1
1752,is_found_in_seas,abalone,1
1753,is_found_in_seas,herring,1
1754,is_found_in_seas,salmon,1
1755,is_found_in_seas,gannet,1
1756,is_found_in_seas,whitebait,1
1757,is_found_in_seas,lobster,1
1758,is_found_in_seas,turtle,1
1759,is_found_in_seas,cod,1
1760,is_found_in_seas,humpback,1
1761,is_found_in_seas,shrimp,1
1762,is_found_in_seas,haddock,1
1763,is_found_in_seas,porpoise,1
1764,does_live_in_water,flounder,1
1765,does_live_in_water,minnow,1
1766,is_long,hose,1
1767,is_long,snake,1
1768,is_long,gherkin,1
1769,is_long,bench,1
1770,is_long,tongs,1
1771,is_long,carrot,1
1772,is_long,kite,1
1773,is_long,comb,1
1774,is_long,coach,1
1775,is_long,veil,1
1776,does_live_in_water,grater,0
1777,does_live_in_water,tripod,0
1778,does_live_in_water,marigold,0
1779,made_of_wood,carrot,0
1780,made_of_wood,raspberry,0
1781,made_of_wood,mittens,0
1782,made_of_wood,emu,0
1783,made_of_wood,otter,0
1784,made_of_wood,butterfly,0
1785,made_of_wood,shark,0
1786,made_of_wood,rhubarb,0
1787,made_of_wood,apron,0
1788,made_of_wood,monkey,0
1789,made_of_wood,rice,0
1790,made_of_wood,kangaroo,0
1791,made_of_wood,scallop,0
1792,made_of_wood,squirrel,0
1793,made_of_wood,bean,0
1794,made_of_wood,puppet,0
1795,made_of_wood,llama,0
1796,made_of_wood,grapefruit,0
1797,made_of_wood,cheese,0
1798,made_of_wood,leek,0
1799,made_of_wood,chipmunk,0
1800,made_of_wood,biscuit,0
1801,made_of_wood,sugar,0
1802,made_of_wood,asparagus,0
1803,made_of_wood,scarf,0
1804,made_of_wood,turnip,0
1805,made_of_wood,ham,0
1806,made_of_wood,belt,0
1807,made_of_wood,pigeon,0
1808,made_of_wood,flea,0
1809,made_of_wood,carp,0
1810,made_of_wood,wolf,0
1811,made_of_wood,nightingale,0
1812,made_of_wood,jellyfish,0
1813,made_of_wood,cap,0
1814,made_of_wood,tights,0
1815,made_of_wood,lime,0
1816,made_of_wood,pillow,0
1817,made_of_wood,parka,0
1818,made_of_wood,ant,0
1819,made_of_wood,avocado,0
1820,made_of_wood,walrus,0
1821,made_of_wood,beetle,0
1822,made_of_wood,swimsuit,0
1823,made_of_wood,artichoke,0
1824,made_of_wood,spinach,0
1825,made_of_wood,hippo,0
1826,made_of_wood,yoghurt,0
1827,made_of_wood,heron,0
1828,made_of_wood,ice_cream,0
1829,made_of_wood,tarantula,0
1830,made_of_wood,pineapple,0
1831,made_of_wood,clam,0
1832,made_of_wood,shirt,0
1833,made_of_wood,leotard,0
1834,made_of_wood,skirt,0
1835,made_of_wood,swan,0
1836,made_of_wood,seagull,0
1837,made_of_wood,dove,0
1838,made_of_wood,bacon,0
1839,made_of_wood,onion,0
1840,made_of_wood,flannel,0
1841,made_of_wood,banana,0
1842,made_of_wood,cockroach,0
1843,made_of_wood,pelican,0
1844,made_of_wood,dandelion,0
1845,made_of_wood,sheep,0
1846,made_of_wood,toe,0
1847,made_of_wood,spider,0
1848,made_of_wood,ostrich,0
1849,made_of_wood,radish,0
1850,made_of_wood,stick_insect,0
1851,made_of_wood,calf,0
1852,made_of_wood,coat,0
1853,made_of_wood,chocolate,0
1854,made_of_wood,whale,0
1855,made_of_wood,rattlesnake,0
1856,made_of_wood,grape,0
1857,made_of_wood,prawn,0
1858,made_of_wood,potato,0
1859,made_of_wood,mussel,0
1860,made_of_wood,jam,0
1861,made_of_wood,bat,0
1862,made_of_wood,cricket,0
1863,made_of_wood,earmuffs,0
1864,made_of_wood,trout,0
1865,made_of_wood,rhino,0
1866,made_of_wood,tomato,0
1867,made_of_wood,frog,0
1868,made_of_wood,hamster,0
1869,made_of_wood,robe,0
1870,made_of_wood,plum,0
1871,made_of_wood,raccoon,0
1872,made_of_wood,hedgehog,0
1873,made_of_wood,goldfish,0
1874,made_of_wood,sock,0
1875,made_of_wood,pyjamas,0
1876,made_of_wood,cymbal,0
1877,made_of_wood,aubergine,0
1878,made_of_wood,lobster,0
1879,made_of_wood,magpie,0
1880,made_of_wood,peas,0
1881,made_of_wood,soup,0
1882,made_of_wood,seal,0
1883,made_of_wood,octopus,0
1884,made_of_wood,gong,0
1885,made_of_wood,bikini,0
1886,made_of_wood,cow,0
1887,made_of_wood,garlic,0
1888,made_of_wood,trousers,0
1889,made_of_wood,donkey,0
1890,made_of_wood,nose,0
1891,made_of_wood,arm,0
1892,made_of_wood,gherkin,0
1893,made_of_wood,hornet,0
1894,made_of_wood,zebra,0
1895,made_of_wood,mackerel,0
1896,made_of_wood,elephant,0
1897,made_of_wood,rat,0
1898,made_of_wood,toad,0
1899,made_of_wood,slug,0
1900,made_of_wood,ladybird,0
1901,made_of_wood,butter,0
1902,made_of_wood,cabbage,0
1903,made_of_wood,goose,0
1904,made_of_wood,chicken,0
1905,made_of_wood,gerbil,0
1906,made_of_wood,celery,0
1907,made_of_wood,cape,0
1908,made_of_wood,ox,0
1909,made_of_wood,centipede,0
1910,made_of_wood,jacket,0
1911,made_of_wood,peach,0
1912,made_of_wood,bra,0
1913,made_of_wood,crayfish,0
1914,made_of_wood,porcupine,0
1915,made_of_wood,starling,0
1916,made_of_wood,scorpion,0
1917,made_of_wood,mouse,0
1918,made_of_wood,nut,0
1919,made_of_wood,hyena,0
1920,made_of_wood,wren,0
1921,made_of_wood,termite,0
1922,made_of_wood,sweet_potato,0
1923,made_of_wood,duck,0
1924,made_of_wood,brussel_sprouts,0
1925,made_of_wood,strawberry,0
1926,made_of_wood,broccoli,0
1927,made_of_wood,cat,0
1928,made_of_wood,robin,0
1929,made_of_wood,mushroom,0
1930,made_of_wood,deer,0
1931,made_of_wood,melon,0
1932,made_of_wood,moth,0
1933,made_of_wood,sparrow,0
1934,made_of_wood,buffalo,0
1935,made_of_wood,flounder,0
1936,made_of_wood,thumb,0
1937,made_of_wood,anchor,0
1938,made_of_wood,pony,0
1939,made_of_wood,ear,0
1940,made_of_wood,eel,0
1941,made_of_wood,knickers,0
1942,made_of_wood,cannon,0
1943,made_of_wood,pumpkin,0
1944,made_of_wood,cake,0
1945,made_of_wood,turtle,0
1946,made_of_wood,hawk,0
1947,made_of_wood,cod,0
1948,made_of_wood,blueberry,0
1949,made_of_wood,shrimp,0
1950,made_of_wood,guinea_pig,0
1951,made_of_wood,wasp,0
1952,made_of_wood,trumpet,0
1953,made_of_wood,bread,0
1954,made_of_wood,bell,0
1955,made_of_wood,cockerel,0
1956,made_of_wood,squid,0
1957,made_of_wood,cherry,0
1958,made_of_wood,dates,0
1959,made_of_wood,seahorse,0
1960,made_of_wood,gorilla,0
1961,made_of_wood,gun,0
1962,made_of_wood,rabbit,0
1963,made_of_wood,peanut,0
1964,made_of_wood,eagle,0
1965,made_of_wood,doughnut,0
1966,made_of_wood,millipede,0
1967,made_of_wood,flamingo,0
1968,made_of_wood,camel,0
1969,made_of_wood,tiger,0
1970,made_of_wood,alligator,0
1971,made_of_wood,panther,0
1972,made_of_wood,corn,0
1973,made_of_wood,lizard,0
1974,made_of_wood,housefly,0
1975,made_of_wood,sardine,0
1976,made_of_wood,finger,0
1977,made_of_wood,beaver,0
1978,made_of_wood,nectarine,0
1979,made_of_wood,kingfisher,0
1980,made_of_wood,mayonnaise,0
1981,made_of_wood,woodpecker,0
1982,made_of_wood,french_horn,0
1983,made_of_wood,worm,0
1984,made_of_wood,raven,0
1985,made_of_wood,salmon,0
1986,made_of_wood,blouse,0
1987,made_of_wood,leopard,0
1988,made_of_wood,pig,0
1989,made_of_wood,gloves,0
1990,made_of_wood,courgette,0
1991,made_of_wood,mosquito,0
1992,made_of_wood,grasshopper,0
1993,made_of_wood,bear,0
1994,made_of_wood,bee,0
1995,made_of_wood,fox,0
1996,made_of_wood,sultana,0
1997,made_of_wood,cauliflower,0
1998,made_of_wood,dolphin,0
1999,made_of_wood,snail,0
2000,made_of_wood,sandwich,0
2001,made_of_wood,parakeet,0
2002,made_of_wood,crane,0
2003,made_of_wood,goat,0
2004,made_of_wood,platypus,0
2005,made_of_wood,budgie,0
2006,made_of_wood,minnow,0
2007,made_of_wood,seaweed,0
2008,made_of_wood,dress,0
2009,made_of_wood,tuna,0
2010,made_of_wood,jeans,0
2011,made_of_wood,iguana,0
2012,made_of_wood,peacock,0
2013,made_of_wood,crocodile,0
2014,made_of_wood,parsley,0
2015,made_of_wood,suit,0
2016,made_of_wood,lion,0
2017,made_of_wood,caterpillar,0
2018,made_of_wood,currant,0
2019,made_of_wood,lamb,0
2020,made_of_wood,dragonfly,0
2021,made_of_wood,ketchup,0
2022,made_of_wood,herring,0
2023,made_of_wood,owl,0
2024,made_of_wood,sweater,0
2025,made_of_wood,buzzard,0
2026,made_of_wood,dog,0
2027,made_of_wood,horse,0
2028,made_of_wood,wetsuit,0
2029,made_of_wood,penguin,0
2030,made_of_wood,falcon,0
2031,made_of_wood,oyster,0
2032,made_of_wood,turkey,0
2033,made_of_wood,tortoise,0
2034,made_of_wood,stockings,0
2035,made_of_wood,rock,0
2036,made_of_wood,watermelon,0
2037,made_of_wood,lips,0
2038,made_of_wood,crab,0
2039,made_of_wood,jelly,0
2040,made_of_wood,cucumber,0
2041,made_of_wood,pie,0
2042,made_of_wood,satsuma,0
2043,made_of_wood,cushion,0
2044,made_of_wood,shawl,0
2045,made_of_wood,partridge,0
2046,made_of_wood,gown,0
2047,made_of_wood,moose,0
2048,made_of_wood,pear,0
2049,made_of_wood,kiwi_fruit,0
2050,made_of_wood,raisin,0
2051,made_of_wood,cheetah,0
2052,made_of_wood,veil,0
2053,made_of_wood,locust,0
2054,made_of_wood,lettuce,0
2055,made_of_wood,skunk,0
2056,made_of_wood,dressing_gown,0
2057,made_of_wood,giraffe,0
2058,made_of_wood,cloak,0
2059,made_of_wood,hummingbird,0
2060,made_of_wood,canary,0
2061,is_food,coconut,1
2062,is_food,carrot,1
2063,is_food,raspberry,1
2064,is_food,lime,1
2065,is_food,peas,1
2066,is_food,soup,1
2067,is_food,emu,1
2068,is_food,bread,1
2069,is_food,olive,1
2070,is_food,nut,1
2071,is_food,oyster,1
2072,is_food,opossum,1
2073,is_food,piranha,1
2074,is_food,rooster,1
2075,is_food,champagne,1
2076,is_food,ant,1
2077,is_food,sultana,1
2078,is_food,cauliflower,1
2079,is_food,lemon,1
2080,is_food,chocolate,1
2081,is_food,avocado,1
2082,is_food,cherry,1
2083,is_food,garlic,1
2084,is_food,watermelon,1
2085,is_food,pacu,1
2086,is_food,rattlesnake,1
2087,is_food,sandwich,1
2088,is_food,apple,1
2089,is_food,spinach,1
2090,is_food,artichoke,1
2091,is_food,yoghurt,1
2092,is_food,grape,1
2093,is_food,dates,1
2094,is_food,shark,1
2095,is_food,porker,1
2096,is_food,pheasant,1
2097,is_food,prawn,1
2098,is_food,rhubarb,1
2099,is_food,potato,1
2100,is_food,crab,1
2101,is_food,sweet_potato,1
2102,is_food,orange,1
2103,is_food,brussel_sprouts,1
2104,is_food,strawberry,1
2105,is_food,rabbit,1
2106,is_food,goat,1
2107,is_food,gherkin,1
2108,is_food,mussel,1
2109,is_food,broccoli,1
2110,is_food,peanut,1
2111,is_food,doughnut,1
2112,is_food,cucumber,1
2113,is_food,jelly,1
2114,is_food,jam,1
2115,is_food,pie,1
2116,is_food,mealworm,1
2117,is_food,mushroom,1
2118,is_food,tuna,1
2119,is_food,ice_cream,1
2120,is_food,pineapple,1
2121,is_food,satsuma,1
2122,is_food,deer,1
2123,is_food,melon,1
2124,is_food,possum,1
2125,is_food,rice,1
2126,is_food,cricket,1
2127,is_food,kangaroo,1
2128,is_food,buffalo,1
2129,is_food,mackerel,1
2130,is_food,scallop,1
2131,is_food,tomato,1
2132,is_food,frog,1
2133,is_food,crocodile,1
2134,is_food,bean,1
2135,is_food,corn,1
2136,is_food,moose,1
2137,is_food,parsley,1
2138,is_food,whisky,1
2139,is_food,tea,1
2140,is_food,sardine,1
2141,is_food,milk,1
2142,is_food,pear,1
2143,is_food,tangerine,1
2144,is_food,bacon,1
2145,is_food,kiwi_fruit,1
2146,is_food,onion,1
2147,is_food,grapefruit,1
2148,is_food,raisin,1
2149,is_food,cheese,1
2150,is_food,currant,1
2151,is_food,leek,1
2152,is_food,lamb,1
2153,is_food,nectarine,1
2154,is_food,plum,1
2155,is_food,butter,1
2156,is_food,cabbage,1
2157,is_food,biscuit,1
2158,is_food,mango,1
2159,is_food,goose,1
2160,is_food,sugar,1
2161,is_food,lettuce,1
2162,is_food,asparagus,1
2163,is_food,banana,1
2164,is_food,snake,1
2165,is_food,pumpkin,1
2166,is_food,chicken,1
2167,is_food,apricot,1
2168,is_food,mayonnaise,1
2169,is_food,ketchup,1
2170,is_food,elk,1
2171,is_food,chestnut,1
2172,is_food,cider,1
2173,is_food,celery,1
2174,is_food,wine,1
2175,is_food,salmon,1
2176,is_food,lemonade,1
2177,is_food,pig,1
2178,is_food,coffee,1
2179,is_food,turnip,1
2180,is_food,prune,1
2181,is_food,ham,1
2182,is_food,bison,1
2183,is_food,peach,1
2184,is_food,aubergine,1
2185,is_food,flour,1
2186,is_food,lobster,1
2187,is_food,cake,1
2188,is_food,courgette,1
2189,is_food,cod,1
2190,is_food,ostrich,1
2191,is_food,blueberry,1
2192,is_food,radish,1
2193,is_food,shrimp,1
2194,is_food,crayfish,1
2195,is_a_vehicle,train,1
2196,is_a_vehicle,ambulance,1
2197,is_an_insect,scorpion,0
2198,made_of_plastic,mat,1
2199,made_of_plastic,sellotape,1
2200,does_carry_transport,donkey,1
2201,does_carry_transport,horse,1
2202,does_carry_transport,helicopter,1
2203,does_carry_transport,wheelbarrow,1
2204,does_carry_transport,pie,0
2205,does_carry_transport,parka,0
2206,has_fur_hair,toad,0
2207,has_eyes,swan,1
2208,has_eyes,squirrel,1
2209,has_eyes,eel,1
2210,has_eyes,dolphin,1
2211,has_eyes,walrus,1
2212,has_eyes,locust,1
2213,has_eyes,butterfly,1
2214,has_eyes,dragonfly,1
2215,has_eyes,hedgehog,1
2216,has_eyes,gerbil,1
2217,has_eyes,rabbit,1
2218,has_eyes,millipede,1
2219,has_eyes,flamingo,1
2220,has_eyes,lobster,1
2221,has_eyes,mosquito,1
2222,has_eyes,grasshopper,1
2223,has_eyes,mackerel,1
2224,does_kill,zookeeper,0
2225,does_kill,guinea_pig,0
2226,does_kill,peeler,0
2227,does_kill,mittens,0
2228,does_kill,midge,0
2229,does_kill,lug_wrench,0
2230,does_kill,crayon,0
2231,does_kill,billiard_cue,0
2232,does_kill,skateboard,0
2233,does_kill,tortoise,0
2234,does_kill,addax,0
2235,does_kill,doll,0
2236,does_kill,langur,0
2237,does_kill,gazelle,0
2238,does_kill,screwdriver,0
2239,does_kill,bagworm,0
2240,does_kill,beetle,0
2241,does_kill,mozzie,0
2242,does_kill,breadknife,0
2243,does_kill,reserve,0
2244,does_kill,splitting_maul,0
2245,does_kill,dromedary,0
2246,does_kill,jelly,0
2247,does_kill,yoyo,0
2248,does_kill,rabbit,0
2249,does_kill,goat,0
2250,does_kill,skeeter,0
2251,does_kill,kite,0
2252,does_kill,rollerskate,0
2253,does_kill,medfly,0
2254,does_kill,vegetable_peeler,0
2255,does_kill,tambourine,0
2256,does_kill,hornbill,0
2257,does_kill,holstered_weapon,0
2258,does_kill,zebra,0
2259,does_kill,swing,0
2260,does_kill,moth,0
2261,does_kill,chinkara,0
2262,does_kill,ball,0
2263,does_kill,antelope,0
2264,does_kill,rivet_gun,0
2265,does_kill,wildlife_sanctuary,0
2266,does_kill,tick,0
2267,does_kill,sledge,0
2268,does_kill,marble,0
2269,does_kill,puppet,0
2270,does_kill,reticulated_giraffe,0
2271,does_kill,panda,0
2272,does_kill,crescent_wrench,0
2273,does_kill,balloon,0
2274,does_kill,locust,0
2275,does_kill,kitchen_knife,0
2276,does_kill,gypsy_moth,0
2277,does_kill,guenon,0
2278,does_kill,rattle,0
2279,does_kill,mosquitofish,0
2280,does_kill,culex,0
2281,does_kill,bushbuck,0
2282,does_kill,rhinoceros,0
2283,does_kill,airsoft_pistol,0
2284,does_kill,mole_cricket,0
2285,does_kill,colobus,0
2286,does_kill,giraffe,0
2287,does_kill,turnip,0
2288,does_kill,recorder,0
2289,does_kill,tricycle,0
2290,does_kill,tapir,0
2291,does_kill,satchel,0
2292,does_kill,porcupine,0
2293,is_circular_round,apricot,1
2294,is_circular_round,chestnut,1
2295,is_circular_round,drill,1
2296,is_circular_round,button,1
2297,is_circular_round,pear,1
2298,is_circular_round,belt,1
2299,is_circular_round,currant,1
2300,is_circular_round,cherry,1
2301,is_circular_round,drum,1
2302,is_circular_round,plum,1
2303,is_a_bird,partridge,1
2304,is_a_bird,canary,1
2305,is_heavy,newspaper,0
2306,is_a_fruit,stone,0
2307,has_a_handle_handles,mop,1
2308,has_a_handle_handles,comb,1
2309,has_a_handle_handles,pram,1
2310,has_a_handle_handles,tambourine,1
2311,has_a_handle_handles,dishwasher,1
2312,has_a_handle_handles,bat,1
2313,has_a_handle_handles,tweezers,1
2314,has_a_handle_handles,whisk,1
2315,has_a_handle_handles,rake,1
2316,has_a_point,chisel,1
2317,has_a_point,stick,1
2318,has_claws,heron,1
2319,has_claws,lobster,1
2320,has_claws,turtle,1
2321,is_eaten_edible,mayonnaise,1
2322,is_eaten_edible,duck,1
2323,is_eaten_edible,flounder,1
2324,is_eaten_edible,cider,1
2325,is_eaten_edible,herring,1
2326,is_eaten_edible,menu,1
2327,is_eaten_edible,milk,1
2328,is_eaten_edible,flour,1
2329,is_eaten_edible,biscuit,1
2330,is_eaten_edible,ostrich,1
2331,has_skin,gorilla,1
2332,has_skin,dolphin,1
2333,has_skin,panther,1
2334,has_skin,spider,1
2335,has_skin,hippo,1
2336,has_fur_hair,spider,1
2337,is_edible,prune,1
2338,is_for_children,rhino,0
2339,is_for_children,dishwasher,0
2340,has_four_legs,bear,1
2341,has_four_legs,table,1
2342,has_four_legs,camel,1
2343,has_four_legs,rat,1
2344,is_used_in_cooking,land_rover,0
2345,is_used_in_cooking,kayak,0
2346,is_used_in_cooking,barge,0
2347,is_used_in_cooking,cart,0
2348,is_used_in_cooking,stool,0
2349,is_used_in_cooking,ant,0
2350,is_used_in_cooking,wheelchair,0
2351,is_used_in_cooking,donkey,0
2352,is_used_in_cooking,boat,0
2353,is_used_in_cooking,moped,0
2354,is_used_in_cooking,tank,0
2355,is_used_in_cooking,bicycle,0
2356,is_used_in_cooking,carriage,0
2357,is_used_in_cooking,ferry,0
2358,is_used_in_cooking,buggy,0
2359,is_used_in_cooking,jeep,0
2360,is_used_in_cooking,speedboat,0
2361,is_used_in_cooking,limousine,0
2362,is_used_in_cooking,truck,0
2363,is_used_in_cooking,van,0
2364,is_used_in_cooking,wheelbarrow,0
2365,is_used_in_cooking,armchair,0
2366,is_used_in_cooking,camel,0
2367,is_used_in_cooking,coach,0
2368,is_used_in_cooking,unicycle,0
2369,is_used_in_cooking,aeroplane,0
2370,is_used_in_cooking,swing,0
2371,is_used_in_cooking,caravan,0
2372,is_used_in_cooking,oil_tanker,0
2373,is_used_in_cooking,sledge,0
2374,is_used_in_cooking,lorry,0
2375,is_used_in_cooking,car,0
2376,is_used_in_cooking,pram,0
2377,is_used_in_cooking,tractor,0
2378,is_used_in_cooking,toilet,0
2379,is_used_in_cooking,knickers,0
2380,is_used_in_cooking,submarine,0
2381,is_used_in_cooking,helicopter,0
2382,is_used_in_cooking,ambulance,0
2383,is_used_in_cooking,ship,0
2384,is_used_in_cooking,chair,0
2385,is_used_in_cooking,trolley,0
2386,is_used_in_cooking,bench,0
2387,is_used_in_cooking,pizzeria,0
2388,is_used_in_cooking,bucket,0
2389,is_used_in_cooking,raft,0
2390,is_used_in_cooking,rolls_royce,0
2391,is_used_in_cooking,deckchair,0
2392,is_used_in_cooking,bridge,0
2393,is_used_in_cooking,train,0
2394,is_used_in_cooking,motorcycle,0
2395,is_used_in_cooking,throne,0
2396,is_used_in_cooking,canoe,0
2397,is_used_in_cooking,taxi,0
2398,is_used_in_cooking,porsche,0
2399,is_used_in_cooking,rocking_chair,0
2400,is_used_in_cooking,bus,0
2401,is_used_in_cooking,tricycle,0
2402,is_used_in_cooking,range_rover,0
2403,is_used_in_cooking,dinghy,0
2404,is_used_in_cooking,grasshopper,0
2405,is_juicy,currant,1
2406,is_juicy,shrimp,1
2407,is_juicy,cherry,1
2408,is_a_mammal,goose,0
2409,is_a_mammal,budgie,0
2410,has_a_tail,prawn,1
2411,has_a_tail,crab,1
2412,has_a_tail,flounder,1
2413,has_a_tail,emu,1
2414,has_a_tail,horse,1
2415,has_a_tail,bear,1
2416,made_of_metal,raft,0
2417,made_of_metal,slug,0
2418,made_of_metal,violin,0
2419,made_of_metal,candle,0
2420,made_of_metal,jam,0
2421,made_of_metal,dolphin,0
2422,made_of_metal,cushion,0
2423,made_of_metal,stick,0
2424,made_of_metal,certificate,0
2425,is_dangerous,pistol,1
2426,is_dangerous,scorpion,1
2427,is_dangerous,gorillas,1
2428,is_dangerous,steak_knives,1
2429,is_dangerous,switchblade,1
2430,is_dangerous,fillet_knife,1
2431,is_dangerous,hyena,1
2432,is_dangerous,razor,1
2433,is_dangerous,shotgun,1
2434,is_dangerous,narcotic,1
2435,is_dangerous,automatic_pistol,1
2436,is_dangerous,shark,1
2437,is_dangerous,penknife,1
2438,is_dangerous,switchblade_knife,1
2439,is_dangerous,tank,1
2440,is_dangerous,crystal_meth,1
2441,is_dangerous,blade,1
2442,is_dangerous,boomerang,1
2443,is_dangerous,rhinocerous,1
2444,is_dangerous,boning_knife,1
2445,is_dangerous,cutlass,1
2446,is_dangerous,methamphetamines,1
2447,is_dangerous,bladed_knife,1
2448,is_dangerous,bullet,1
2449,is_dangerous,pickaxe,1
2450,is_dangerous,glock_pistol,1
2451,is_dangerous,knife,1
2452,is_dangerous,saw,1
2453,is_dangerous,scalpel,1
2454,is_dangerous,cocain,1
2455,is_dangerous,cannon,1
2456,is_dangerous,pickax,1
2457,is_dangerous,firearm,1
2458,is_dangerous,poison_dart,1
2459,is_dangerous,cougar,1
2460,is_dangerous,caliber_handgun,1
2461,is_dangerous,warthog,1
2462,is_dangerous,wolf,1
2463,is_dangerous,weapon,1
2464,is_dangerous,jellyfish,1
2465,is_dangerous,lions,1
2466,is_dangerous,crystal_methamphetamine,1
2467,is_dangerous,grizzly,1
2468,is_dangerous,komodo_dragon,1
2469,is_dangerous,leopardess,1
2470,is_dangerous,spear,1
2471,is_dangerous,derringer,1
2472,is_dangerous,valium,1
2473,is_dangerous,kitchen_knives,1
2474,is_dangerous,revolver,1
2475,is_dangerous,hippo,1
2476,is_dangerous,fish_filleting_knife,1
2477,is_dangerous,gun,1
2478,is_dangerous,horned_rhino,1
2479,is_dangerous,serrated_knife,1
2480,is_dangerous,axes,1
2481,is_dangerous,tiger,1
2482,is_dangerous,king_cobra,1
2483,is_dangerous,alligator,1
2484,is_dangerous,pitchfork,1
2485,is_dangerous,panther,1
2486,is_dangerous,dinosaur,1
2487,is_dangerous,double_bladed_knife,1
2488,is_dangerous,sharpened_toothbrush,1
2489,is_dangerous,knife_blade,1
2490,is_dangerous,harpoon,1
2491,is_dangerous,stabbing,1
2492,is_dangerous,whip,1
2493,is_dangerous,poison,1
2494,is_dangerous,razor_knife,1
2495,is_dangerous,grenade,1
2496,is_dangerous,machete,1
2497,is_dangerous,crack_cocaine,1
2498,is_dangerous,oxycodone,1
2499,is_dangerous,pellet_rifle,1
2500,is_dangerous,snake,1
2501,is_dangerous,rhinoceros,1
2502,is_dangerous,methamphetimine,1
2503,is_dangerous,meat_cleaver,1
2504,is_dangerous,leopard,1
2505,is_dangerous,handsaw,1
2506,is_dangerous,bloodstained_knife,1
2507,is_dangerous,motorcycle,1
2508,is_dangerous,kukri,1
2509,is_dangerous,gunshot_wound,1
2510,is_dangerous,tranquiliser_gun,1
2511,is_dangerous,hatchet,1
2512,is_dangerous,bayonet,1
2513,is_dangerous,dextroamphetamine,1
2514,is_dangerous,caliber_rifle,1
2515,is_dangerous,bomb,1
2516,is_dangerous,tegu,1
2517,is_dangerous,razorblade,1
2518,is_dangerous,tigress,1
2519,is_dangerous,methamphetamine,1
2520,is_dangerous,sumatran_tiger,1
2521,is_dangerous,rattlesnake,1
2522,is_dangerous,jaguar,1
2523,is_dangerous,methadone,1
2524,is_dangerous,mace_spray,1
2525,is_dangerous,rocket,1
2526,is_dangerous,carving_knife,1
2527,is_dangerous,grabbed_butcher_knife,1
2528,is_dangerous,silverback,1
2529,is_dangerous,scissors,1
2530,is_dangerous,speargun,1
2531,is_dangerous,prescription_painkiller,1
2532,is_dangerous,sword,1
2533,is_dangerous,club,1
2534,is_dangerous,ninja_sword,1
2535,is_dangerous,butcher_knife,1
2536,is_dangerous,caliber_revolver,1
2537,is_dangerous,catapault,1
2538,is_dangerous,snow_leopard,1
2539,is_dangerous,rhino,1
2540,is_dangerous,crocodile,1
2541,is_dangerous,knifes,1
2542,is_dangerous,lion,1
2543,is_dangerous,brandished_knife,1
2544,is_dangerous,grizzly_bear,1
2545,is_dangerous,pellet_gun,1
2546,is_dangerous,glass_shard,1
2547,is_dangerous,hangun,1
2548,is_dangerous,razor_blade,1
2549,is_dangerous,oxycotin,1
2550,is_dangerous,helicopter,1
2551,is_dangerous,serval_cat,1
2552,is_dangerous,dagger,1
2553,is_dangerous,fentanyl_laced,1
2554,is_dangerous,crossbow,1
2555,is_dangerous,viper,1
2556,is_dangerous,samurai_sword,1
2557,is_dangerous,paring_knives,1
2558,is_dangerous,syringe,1
2559,is_dangerous,opiod,1
2560,is_dangerous,hippopotamus,1
2561,is_dangerous,gauge_shotgun,1
2562,is_dangerous,meth,1
2563,is_dangerous,tapir,1
2564,is_dangerous,drug,1
2565,is_dangerous,assault_rifle,1
2566,is_dangerous,arrow,1
2567,is_dangerous,methodone,1
2568,is_dangerous,caliber_semiautomatic_handgun,1
2569,is_dangerous,poacher,1
2570,is_dangerous,python,1
2571,is_dangerous,cocaine,1
2572,is_dangerous,bladed_instrument,1
2573,is_dangerous,wielding_knife,1
2574,is_dangerous,tyrannosaurus,1
2575,is_dangerous,chainsaw,1
2576,is_dangerous,cleaver,1
2577,is_dangerous,blowgun,1
2578,is_dangerous,filleting_knife,1
2579,is_dangerous,slingshot,1
2580,is_dangerous,bladed_weapon,1
2581,is_dangerous,panna_tiger,1
2582,is_dangerous,plough,1
2583,is_dangerous,steak_knife,1
2584,is_dangerous,liger,1
2585,is_dangerous,allergy,1
2586,is_dangerous,steroid,1
2587,is_dangerous,elephant,1
2588,is_dangerous,amphetamine,1
2589,is_dangerous,handgun,1
2590,is_dangerous,cheetah,1
2591,is_dangerous,stabbed,1
2592,is_dangerous,rifle,1
2593,is_dangerous,scythe,1
2594,is_dangerous,mountain_lion,1
2595,is_dangerous,heroin,1
2596,is_dangerous,hepatitis_C,1
2597,is_dangerous,nailgun,1
2598,is_dangerous,katana_sword,1
2599,is_dangerous,crossbow_bolt,1
2600,is_dangerous,axe,1
2601,is_dangerous,machette,1
2602,is_dangerous,trowel,0
2603,is_dangerous,mop,0
2604,is_dangerous,garden_hoe,0
2605,is_dangerous,zookeeper,0
2606,is_dangerous,cavy,0
2607,is_dangerous,mittens,0
2608,is_dangerous,lug_wrench,0
2609,is_dangerous,coatimundi,0
2610,is_dangerous,otter,0
2611,is_dangerous,langur,0
2612,is_dangerous,spade,0
2613,is_dangerous,mop_broom,0
2614,is_dangerous,chinkaras,0
2615,is_dangerous,mulcher,0
2616,is_dangerous,imitation_handgun,0
2617,is_dangerous,yoyo,0
2618,is_dangerous,goat,0
2619,is_dangerous,backhoe,0
2620,is_dangerous,kite,0
2621,is_dangerous,monkey,0
2622,is_dangerous,shovel,0
2623,is_dangerous,lechwe,0
2624,is_dangerous,tambourine,0
2625,is_dangerous,hornbill,0
2626,is_dangerous,snowbrush,0
2627,is_dangerous,swing,0
2628,is_dangerous,tiger_skin,0
2629,is_dangerous,glove,0
2630,is_dangerous,chinkara,0
2631,is_dangerous,wovel,0
2632,is_dangerous,ball,0
2633,is_dangerous,pail,0
2634,is_dangerous,antelope,0
2635,is_dangerous,wooden_mallet,0
2636,is_dangerous,blender,0
2637,is_dangerous,sledge,0
2638,is_dangerous,marble,0
2639,is_dangerous,puppet,0
2640,is_dangerous,mandrill,0
2641,is_dangerous,hod,0
2642,is_dangerous,balloon,0
2643,is_dangerous,baboon,0
2644,is_dangerous,kitchen_knife,0
2645,is_dangerous,claw_hammer,0
2646,is_dangerous,rattle,0
2647,is_dangerous,airsoft_pistol,0
2648,is_dangerous,recorder,0
2649,is_dangerous,turtle,0
2650,is_dangerous,imitation_pistol,0
2651,is_dangerous,broom,0
2652,is_dangerous,guinea_pig,0
2653,is_dangerous,peeler,0
2654,is_dangerous,hoe,0
2655,is_dangerous,soup,0
2656,is_dangerous,crayon,0
2657,is_dangerous,spadeful,0
2658,is_dangerous,billiard_cue,0
2659,is_dangerous,toothbrush,0
2660,is_dangerous,river_otter,0
2661,is_dangerous,skateboard,0
2662,is_dangerous,tortoise,0
2663,is_dangerous,addax,0
2664,is_dangerous,pangolin,0
2665,is_dangerous,frontloader,0
2666,is_dangerous,shop_vac,0
2667,is_dangerous,doll,0
2668,is_dangerous,gazelle,0
2669,is_dangerous,screwdriver,0
2670,is_dangerous,accolate,0
2671,is_dangerous,reserve,0
2672,is_dangerous,coati,0
2673,is_dangerous,housecat,0
2674,is_dangerous,dromedary,0
2675,is_dangerous,jelly,0
2676,is_dangerous,windshield_scraper,0
2677,is_dangerous,rabbit,0
2678,is_dangerous,rollerskate,0
2679,is_dangerous,payloader,0
2680,is_dangerous,vegetable_peeler,0
2681,is_dangerous,wheelbarrow,0
2682,is_dangerous,camel,0
2683,is_dangerous,zebra,0
2684,is_dangerous,rake,0
2685,is_dangerous,pachyderm,0
2686,is_dangerous,knife_sharpener,0
2687,is_dangerous,toad,0
2688,is_dangerous,lemur,0
2689,is_dangerous,snow_shovel,0
2690,is_dangerous,satchel,0
2691,is_dangerous,pruning_sheer,0
2692,is_dangerous,guenon,0
2693,is_dangerous,bucket,0
2694,is_dangerous,kebab_skewer,0
2695,is_dangerous,spider_monkey,0
2696,is_dangerous,colobus,0
2697,is_dangerous,giraffe,0
2698,is_dangerous,snow_plow,0
2699,is_dangerous,wheel_barrow,0
2700,is_dangerous,tricycle,0
2701,is_dangerous,slow_loris,0
2702,is_dangerous,serrated_bread,0
2703,is_dangerous,weed_wacker,0
2704,is_dangerous,sheathed_knife,0
2705,is_dangerous,porcupine,0
2706,is_strong,prawn,0
2707,is_red,heart,1
2708,is_red,tomato,1
2709,is_red,raspberry,1
2710,is_red,tongue,1
2711,is_red,fox,1
2712,is_red,ant,1
2713,is_red,onion,1
2714,is_red,rose,1
2715,is_red,currant,1
2716,is_red,cherry,1
2717,is_red,cabbage,1
2718,is_red,apple,1
2719,is_red,lips,1
2720,is_red,grape,1
2721,is_red,crab,1
2722,is_red,jelly,1
2723,is_red,carnation,1
2724,is_red,ketchup,1
2725,is_red,strawberry,1
2726,is_red,wine,1
2727,is_red,geranium,1
2728,is_red,hair,1
2729,is_red,jam,1
2730,is_red,poppy,1
2731,is_red,lobster,1
2732,is_red,lipstick,1
2733,is_red,bus,1
2734,is_red,radish,1
2735,is_red,brick,1
2736,is_a_plant,poppy,1
2737,is_a_plant,sycamore,1
2738,is_a_plant,spinach,1
2739,is_a_plant,tobacco,1
2740,is_a_plant,pansy,1
2741,is_yellow,calf,0
2742,is_yellow,newspaper,0
2743,is_yellow,fox,0
2744,is_yellow,otter,0
2745,is_yellow,chocolate,0
2746,is_yellow,prawn,0
2747,is_yellow,rhubarb,0
2748,is_yellow,broccoli,0
2749,is_yellow,platypus,0
2750,is_yellow,bat,0
2751,is_yellow,deer,0
2752,is_yellow,kangaroo,0
2753,is_yellow,buffalo,0
2754,is_yellow,rhino,0
2755,is_yellow,squirrel,0
2756,is_yellow,milk,0
2757,is_yellow,leek,0
2758,is_yellow,lamb,0
2759,is_yellow,chipmunk,0
2760,is_yellow,raccoon,0
2761,is_yellow,asparagus,0
2762,is_yellow,hedgehog,0
2763,is_yellow,chestnut,0
2764,is_yellow,ketchup,0
2765,is_yellow,cigar,0
2766,is_yellow,ham,0
2767,is_yellow,buzzard,0
2768,is_yellow,hawk,0
2769,is_yellow,magpie,0
2770,is_yellow,cod,0
2771,is_yellow,pine,0
2772,is_yellow,coconut,0
2773,is_yellow,shrimp,0
2774,is_yellow,penguin,0
2775,is_yellow,peas,0
2776,is_yellow,olive,0
2777,is_yellow,cow,0
2778,is_yellow,avocado,0
2779,is_yellow,walrus,0
2780,is_yellow,watermelon,0
2781,is_yellow,lips,0
2782,is_yellow,spinach,0
2783,is_yellow,yoghurt,0
2784,is_yellow,heron,0
2785,is_yellow,gorilla,0
2786,is_yellow,zebra,0
2787,is_yellow,swan,0
2788,is_yellow,seagull,0
2789,is_yellow,heart,0
2790,is_yellow,tongue,0
2791,is_yellow,moose,0
2792,is_yellow,bacon,0
2793,is_yellow,beaver,0
2794,is_yellow,fir,0
2795,is_yellow,cabbage,0
2796,is_yellow,lettuce,0
2797,is_yellow,pelican,0
2798,is_yellow,celery,0
2799,is_yellow,sheep,0
2800,is_yellow,skunk,0
2801,is_yellow,raven,0
2802,is_yellow,salmon,0
2803,is_yellow,coffee,0
2804,is_yellow,pig,0
2805,is_yellow,ox,0
2806,is_yellow,flour,0
2807,is_yellow,bear,0
2808,is_yellow,porcupine,0
2809,is_useful,doorknob,1
2810,is_useful,trowel,1
2811,is_useful,spoon,1
2812,is_useful,crowbar,1
2813,is_useful,ladder,1
2814,is_useful,strainer,1
2815,is_useful,table,1
2816,is_useful,clamp,1
2817,is_useful,comb,1
2818,is_useful,gloves,1
2819,is_useful,thermometer,1
2820,is_useful,typewriter,1
2821,is_useful,grater,1
2822,is_useful,ashtray,1
2823,is_useful,rake,1
2824,is_pink,pumpkin,0
2825,has_skin_peel,tangerine,1
2826,is_sweet,porsche,0
2827,is_sweet,peeler,0
2828,has_teeth,oak,0
2829,has_teeth,rolls_royce,0
2830,does_swim,dragonfly,0
2831,does_swim,locust,0
2832,has_roots,parsley,1
2833,has_roots,fir,1
2834,has_roots,cabbage,1
2835,has_roots,prune,1
2836,does_grow,sugar,0
2837,does_grow,tricycle,0
2838,does_grow,rake,0
2839,has_a_beak,dragonfly,0
2840,has_a_beak,squirrel,0
2841,has_a_beak,ladybird,0
2842,is_long,minnow,0
2843,is_long,revolver,0
2844,is_long,dice,0
2845,is_long,bullet,0
2846,is_a_vegetable,radio,0
2847,is_a_vegetable,crayfish,0
2848,is_circular_round,sugar,0
2849,is_circular_round,carrot,0
2850,is_circular_round,corn,0
2851,is_circular_round,nail,0
2852,is_circular_round,dice,0
2853,is_circular_round,tea,0
2854,is_circular_round,lemonade,0
2855,is_circular_round,raisin,0
2856,is_circular_round,napkin,0
2857,has_a_seat_seats,wheel,0
2858,has_a_seat_seats,rollerskate,0
2859,has_a_seat_seats,whip,0
2860,is_red,calf,0
2861,is_red,newspaper,0
2862,is_red,bee,0
2863,is_red,champagne,0
2864,is_red,otter,0
2865,is_red,cauliflower,0
2866,is_red,chocolate,0
2867,is_red,sunflower,0
2868,is_red,brussel_sprouts,0
2869,is_red,mussel,0
2870,is_red,broccoli,0
2871,is_red,platypus,0
2872,is_red,bat,0
2873,is_red,deer,0
2874,is_red,rice,0
2875,is_red,sparrow,0
2876,is_red,kangaroo,0
2877,is_red,buffalo,0
2878,is_red,rhino,0
2879,is_red,parsley,0
2880,is_red,milk,0
2881,is_red,lion,0
2882,is_red,llama,0
2883,is_red,lamb,0
2884,is_red,chipmunk,0
2885,is_red,sugar,0
2886,is_red,asparagus,0
2887,is_red,hedgehog,0
2888,is_red,cigar,0
2889,is_red,aubergine,0
2890,is_red,buzzard,0
2891,is_red,hawk,0
2892,is_red,magpie,0
2893,is_red,nightingale,0
2894,is_red,pine,0
2895,is_red,coconut,0
2896,is_red,daffodil,0
2897,is_red,penguin,0
2898,is_red,peas,0
2899,is_red,bread,0
2900,is_red,olive,0
2901,is_red,cow,0
2902,is_red,garlic,0
2903,is_red,artichoke,0
2904,is_red,yoghurt,0
2905,is_red,ibuprofen,0
2906,is_red,gorilla,0
2907,is_red,gherkin,0
2908,is_red,cucumber,0
2909,is_red,camel,0
2910,is_red,tiger,0
2911,is_red,zebra,0
2912,is_red,swan,0
2913,is_red,seagull,0
2914,is_red,panther,0
2915,is_red,corn,0
2916,is_red,housefly,0
2917,is_red,moose,0
2918,is_red,whisky,0
2919,is_red,kiwi_fruit,0
2920,is_red,cheetah,0
2921,is_red,beaver,0
2922,is_red,elm,0
2923,is_red,fir,0
2924,is_red,butter,0
2925,is_red,mayonnaise,0
2926,is_red,pelican,0
2927,is_red,celery,0
2928,is_red,sheep,0
2929,is_red,skunk,0
2930,is_red,raven,0
2931,is_red,leopard,0
2932,is_red,coffee,0
2933,is_red,giraffe,0
2934,is_red,ox,0
2935,is_red,flour,0
2936,is_red,aspirin,0
2937,is_red,courgette,0
2938,is_red,bear,0
2939,is_red,porcupine,0
2940,is_an_animal,starling,1
2941,is_an_animal,calf,1
2942,is_an_animal,scorpion,1
2943,is_an_animal,bee,1
2944,is_an_animal,emu,1
2945,is_an_animal,mouse,1
2946,is_an_animal,fox,1
2947,is_an_animal,stinkbug,1
2948,is_an_animal,opossum,1
2949,is_an_animal,rooster,1
2950,is_an_animal,otter,1
2951,is_an_animal,hyena,1
2952,is_an_animal,wombat,1
2953,is_an_animal,dolphin,1
2954,is_an_animal,galah,1
2955,is_an_animal,wren,1
2956,is_an_animal,termite,1
2957,is_an_animal,whale,1
2958,is_an_animal,rattlesnake,1
2959,is_an_animal,butterfly,1
2960,is_an_animal,prawn,1
2961,is_an_animal,shark,1
2962,is_an_animal,parakeet,1
2963,is_an_animal,mealybug,1
2964,is_an_animal,ape,1
2965,is_an_animal,duck,1
2966,is_an_animal,crane,1
2967,is_an_animal,goat,1
2968,is_an_animal,mussel,1
2969,is_an_animal,platypus,1
2970,is_an_animal,budgie,1
2971,is_an_animal,cat,1
2972,is_an_animal,robin,1
2973,is_an_animal,monkey,1
2974,is_an_animal,caribou,1
2975,is_an_animal,coatis,1
2976,is_an_animal,minnow,1
2977,is_an_animal,mealworm,1
2978,is_an_animal,bat,1
2979,is_an_animal,deer,1
2980,is_an_animal,possum,1
2981,is_an_animal,pukeko,1
2982,is_an_animal,cricket,1
2983,is_an_animal,moth,1
2984,is_an_animal,rhinocerous,1
2985,is_an_animal,sparrow,1
2986,is_an_animal,kangaroo,1
2987,is_an_animal,buffalo,1
2988,is_an_animal,dingo,1
2989,is_an_animal,kelpie,1
2990,is_an_animal,iguana,1
2991,is_an_animal,antelope,1
2992,is_an_animal,scallop,1
2993,is_an_animal,rhino,1
2994,is_an_animal,squirrel,1
2995,is_an_animal,peacock,1
2996,is_an_animal,frog,1
2997,is_an_animal,crocodile,1
2998,is_an_animal,hamster,1
2999,is_an_animal,lynx,1
3000,is_an_animal,pony,1
3001,is_an_animal,puppet,1
3002,is_an_animal,lion,1
3003,is_an_animal,caterpillar,1
3004,is_an_animal,marsupial,1
3005,is_an_animal,llama,1
3006,is_an_animal,grizzly_bear,1
3007,is_an_animal,eel,1
3008,is_an_animal,lamb,1
3009,is_an_animal,chipmunk,1
3010,is_an_animal,constrictor,1
3011,is_an_animal,raccoon,1
3012,is_an_animal,dragonfly,1
3013,is_an_animal,hedgehog,1
3014,is_an_animal,wolve,1
3015,is_an_animal,hornworm,1
3016,is_an_animal,cougar,1
3017,is_an_animal,wallaby,1
3018,is_an_animal,pit_bull,1
3019,is_an_animal,bumble_bee,1
3020,is_an_animal,owl,1
3021,is_an_animal,bear,1
3022,is_an_animal,bison,1
3023,is_an_animal,pigeon,1
3024,is_an_animal,lobster,1
3025,is_an_animal,webworms,1
3026,is_an_animal,echidna,1
3027,is_an_animal,buzzard,1
3028,is_an_animal,turtle,1
3029,is_an_animal,hawk,1
3030,is_an_animal,carp,1
3031,is_an_animal,flea,1
3032,is_an_animal,dog,1
3033,is_an_animal,magpie,1
3034,is_an_animal,wolf,1
3035,is_an_animal,boa_constrictor,1
3036,is_an_animal,nightingale,1
3037,is_an_animal,sawfish,1
3038,is_an_animal,horse,1
3039,is_an_animal,shrimp,1
3040,is_an_animal,jellyfish,1
3041,is_an_animal,polar_bear,1
3042,is_an_animal,guinea_pig,1
3043,is_an_animal,wasp,1
3044,is_an_animal,penguin,1
3045,is_an_animal,coyote,1
3046,is_an_animal,seal,1
3047,is_an_animal,octopus,1
3048,is_an_animal,falcon,1
3049,is_an_animal,oyster,1
3050,is_an_animal,piranha,1
3051,is_an_animal,doe,1
3052,is_an_animal,python,1
3053,is_an_animal,ant,1
3054,is_an_animal,cow,1
3055,is_an_animal,cockerel,1
3056,is_an_animal,tortoise,1
3057,is_an_animal,squid,1
3058,is_an_animal,turkey,1
3059,is_an_animal,walrus,1
3060,is_an_animal,insects,1
3061,is_an_animal,pacu,1
3062,is_an_animal,stick_insect,1
3063,is_an_animal,manatee,1
3064,is_an_animal,beetle,1
3065,is_an_animal,seahorse,1
3066,is_an_animal,donkey,1
3067,is_an_animal,hippo,1
3068,is_an_animal,heron,1
3069,is_an_animal,porker,1
3070,is_an_animal,pheasant,1
3071,is_an_animal,wallaroo,1
3072,is_an_animal,gorilla,1
3073,is_an_animal,crab,1
3074,is_an_animal,rabbit,1
3075,is_an_animal,hornet,1
3076,is_an_animal,koala_bear,1
3077,is_an_animal,goanna,1
3078,is_an_animal,roo,1
3079,is_an_animal,caiman,1
3080,is_an_animal,quoll,1
3081,is_an_animal,eagle,1
3082,is_an_animal,brumby,1
3083,is_an_animal,millipede,1
3084,is_an_animal,flamingo,1
3085,is_an_animal,fawn,1
3086,is_an_animal,camel,1
3087,is_an_animal,corella,1
3088,is_an_animal,tiger,1
3089,is_an_animal,clam,1
3090,is_an_animal,zebra,1
3091,is_an_animal,loon,1
3092,is_an_animal,alligator,1
3093,is_an_animal,insect,1
3094,is_an_animal,swan,1
3095,is_an_animal,elephant,1
3096,is_an_animal,rat,1
3097,is_an_animal,seagull,1
3098,is_an_animal,dingoe,1
3099,is_an_animal,panther,1
3100,is_an_animal,dove,1
3101,is_an_animal,orang_utan,1
3102,is_an_animal,toad,1
3103,is_an_animal,partridge,1
3104,is_an_animal,slug,1
3105,is_an_animal,lizard,1
3106,is_an_animal,lemur,1
3107,is_an_animal,weevil,1
3108,is_an_animal,moose,1
3109,is_an_animal,housefly,1
3110,is_an_animal,cheetah,1
3111,is_an_animal,beaver,1
3112,is_an_animal,ladybird,1
3113,is_an_animal,locust,1
3114,is_an_animal,goose,1
3115,is_an_animal,mantis,1
3116,is_an_animal,chicken,1
3117,is_an_animal,kingfisher,1
3118,is_an_animal,snake,1
3119,is_an_animal,gerbil,1
3120,is_an_animal,cockroach,1
3121,is_an_animal,woodpecker,1
3122,is_an_animal,elk,1
3123,is_an_animal,worm,1
3124,is_an_animal,pelican,1
3125,is_an_animal,sheep,1
3126,is_an_animal,skunk,1
3127,is_an_animal,raven,1
3128,is_an_animal,greenhead,1
3129,is_an_animal,leopard,1
3130,is_an_animal,giraffe,1
3131,is_an_animal,pig,1
3132,is_an_animal,ox,1
3133,is_an_animal,centipede,1
3134,is_an_animal,spider,1
3135,is_an_animal,koala,1
3136,is_an_animal,hummingbird,1
3137,is_an_animal,ostrich,1
3138,is_an_animal,mosquito,1
3139,is_an_animal,grasshopper,1
3140,is_an_animal,crayfish,1
3141,is_an_animal,canary,1
3142,is_an_animal,porcupine,1
3143,is_green,apricotis_red,0
3144,has_legs,snail,0
3145,has_legs,microscope,0
3146,has_legs,whale,0
3147,has_legs,boots,0
3148,does_make_music,tambourine,1
3149,made_of_cotton,bin,0
3150,made_of_cotton,slippers,0
3151,is_expensive,tuba,1
3152,is_expensive,cigar,1
3153,made_of_glass,bowl,1
3154,made_of_glass,projector,1
3155,is_colourful,perfume,0
3156,is_grown,lamb,0
3157,is_grown,biscuit,0
3158,is_grown,cheetah,0
3159,is_food,screw,0
3160,is_food,spanner,0
3161,is_food,mittens,0
3162,is_food,chest_of_drawers,0
3163,is_food,otter,0
3164,is_food,kettle,0
3165,is_food,wheelchair,0
3166,is_food,shotgun,0
3167,is_food,flute,0
3168,is_food,penknife,0
3169,is_food,boat,0
3170,is_food,carriage,0
3171,is_food,tuba,0
3172,is_food,yoyo,0
3173,is_food,birch,0
3174,is_food,apron,0
3175,is_food,truck,0
3176,is_food,thimble,0
3177,is_food,comb,0
3178,is_food,trombone,0
3179,is_food,pin,0
3180,is_food,coach,0
3181,is_food,swing,0
3182,is_food,rhinocerous,0
3183,is_food,dingo,0
3184,is_food,kelpie,0
3185,is_food,ball,0
3186,is_food,squirrel,0
3187,is_food,drill,0
3188,is_food,lynx,0
3189,is_food,puppet,0
3190,is_food,pinecone,0
3191,is_food,bullet,0
3192,is_food,tent,0
3193,is_food,lantern,0
3194,is_food,grater,0
3195,is_food,clarinet,0
3196,is_food,necklace,0
3197,is_food,balloon,0
3198,is_food,constrictor,0
3199,is_food,saw,0
3200,is_food,scalpel,0
3201,is_food,rolling_pin,0
3202,is_food,scarf,0
3203,is_food,raft,0
3204,is_food,rolls_royce,0
3205,is_food,telephone,0
3206,is_food,bumble_bee,0
3207,is_food,belt,0
3208,is_food,wolf,0
3209,is_food,castle,0
3210,is_food,nail_polish,0
3211,is_food,broom,0
3212,is_food,cap,0
3213,is_food,polar_bear,0
3214,is_food,tights,0
3215,is_food,pillow,0
3216,is_food,spear,0
3217,is_food,parka,0
3218,is_food,organ,0
3219,is_food,corkscrew,0
3220,is_food,mask,0
3221,is_food,mug,0
3222,is_food,walrus,0
3223,is_food,sink,0
3224,is_food,swimsuit,0
3225,is_food,moped,0
3226,is_food,sycamore,0
3227,is_food,sandals,0
3228,is_food,spatula,0
3229,is_food,unicycle,0
3230,is_food,rake,0
3231,is_food,shirt,0
3232,is_food,leotard,0
3233,is_food,badge,0
3234,is_food,skirt,0
3235,is_food,oil_tanker,0
3236,is_food,camera,0
3237,is_food,saxophone,0
3238,is_food,watch,0
3239,is_food,coin,0
3240,is_food,car,0
3241,is_food,pram,0
3242,is_food,goggles,0
3243,is_food,elm,0
3244,is_food,boots,0
3245,is_food,submarine,0
3246,is_food,bed,0
3247,is_food,flannel,0
3248,is_food,cork,0
3249,is_food,crowbar,0
3250,is_food,sellotape,0
3251,is_food,bridge,0
3252,is_food,castenets,0
3253,is_food,dishwasher,0
3254,is_food,taxi,0
3255,is_food,radio,0
3256,is_food,spider,0
3257,is_food,tray,0
3258,is_food,ladder,0
3259,is_food,table,0
3260,is_food,coat,0
3261,is_food,microscope,0
3262,is_food,stove,0
3263,is_food,scissors,0
3264,is_food,kite,0
3265,is_food,shovel,0
3266,is_food,hammer,0
3267,is_food,sword,0
3268,is_food,bat,0
3269,is_food,club,0
3270,is_food,bath,0
3271,is_food,pukeko,0
3272,is_food,whisk,0
3273,is_food,catapault,0
3274,is_food,earmuffs,0
3275,is_food,antelope,0
3276,is_food,rhino,0
3277,is_food,washing_machine,0
3278,is_food,helmet,0
3279,is_food,gate,0
3280,is_food,marble,0
3281,is_food,cupboard,0
3282,is_food,robe,0
3283,is_food,grizzly_bear,0
3284,is_food,wheel,0
3285,is_food,helicopter,0
3286,is_food,ambulance,0
3287,is_food,bench,0
3288,is_food,pit_bull,0
3289,is_food,sock,0
3290,is_food,pyjamas,0
3291,is_food,button,0
3292,is_food,train,0
3293,is_food,shoes,0
3294,is_food,mirror,0
3295,is_food,cymbal,0
3296,is_food,recorder,0
3297,is_food,webworms,0
3298,is_food,bus,0
3299,is_food,boa_constrictor,0
3300,is_food,peg,0
3301,is_food,sawfish,0
3302,is_food,dinghy,0
3303,is_food,sofa,0
3304,is_food,cello,0
3305,is_food,harpsichord,0
3306,is_food,peeler,0
3307,is_food,hoe,0
3308,is_food,coyote,0
3309,is_food,gong,0
3310,is_food,skateboard,0
3311,is_food,stool,0
3312,is_food,bikini,0
3313,is_food,clock,0
3314,is_food,bow,0
3315,is_food,trousers,0
3316,is_food,manatee,0
3317,is_food,slippers,0
3318,is_food,pliers,0
3319,is_food,ferry,0
3320,is_food,buggy,0
3321,is_food,speedboat,0
3322,is_food,limousine,0
3323,is_food,quoll,0
3324,is_food,van,0
3325,is_food,ring,0
3326,is_food,ladle,0
3327,is_food,plough,0
3328,is_food,chisel,0
3329,is_food,loon,0
3330,is_food,glider,0
3331,is_food,elephant,0
3332,is_food,toad,0
3333,is_food,lemur,0
3334,is_food,bowl,0
3335,is_food,bolts,0
3336,is_food,rifle,0
3337,is_food,basin,0
3338,is_food,coffin,0
3339,is_food,ship,0
3340,is_food,chair,0
3341,is_food,trolley,0
3342,is_food,coffee_machine,0
3343,is_food,cape,0
3344,is_food,desk,0
3345,is_food,jacket,0
3346,is_food,guitar,0
3347,is_food,tripod,0
3348,is_food,chain,0
3349,is_food,bookcase,0
3350,is_food,spirit_level,0
3351,is_food,bra,0
3352,is_food,range_rover,0
3353,is_food,axe,0
3354,is_food,shield,0
3355,is_food,trowel,0
3356,is_food,buckle,0
3357,is_food,chandelier,0
3358,is_food,pistol,0
3359,is_food,barge,0
3360,is_food,mat,0
3361,is_food,thermometer,0
3362,is_food,fork,0
3363,is_food,razor,0
3364,is_food,spade,0
3365,is_food,tank,0
3366,is_food,lamp,0
3367,is_food,armchair,0
3368,is_food,bin,0
3369,is_food,lipstick,0
3370,is_food,boomerang,0
3371,is_food,moth,0
3372,is_food,antler,0
3373,is_food,spoon,0
3374,is_food,wand,0
3375,is_food,coffee_pot,0
3376,is_food,blender,0
3377,is_food,sledge,0
3378,is_food,anchor,0
3379,is_food,wallet,0
3380,is_food,tractor,0
3381,is_food,armour,0
3382,is_food,key,0
3383,is_food,knickers,0
3384,is_food,tweezers,0
3385,is_food,knife,0
3386,is_food,rattle,0
3387,is_food,cannon,0
3388,is_food,bagpipes,0
3389,is_food,nail,0
3390,is_food,cougar,0
3391,is_food,wallaby,0
3392,is_food,colander,0
3393,is_food,brush,0
3394,is_food,projector,0
3395,is_food,hose,0
3396,is_food,land_rover,0
3397,is_food,wasp,0
3398,is_food,trumpet,0
3399,is_food,tongs,0
3400,is_food,cart,0
3401,is_food,bell,0
3402,is_food,revolver,0
3403,is_food,cup,0
3404,is_food,oak,0
3405,is_food,flip_flops,0
3406,is_food,yacht,0
3407,is_food,wallaroo,0
3408,is_food,hook,0
3409,is_food,gorilla,0
3410,is_food,fence,0
3411,is_food,gun,0
3412,is_food,rollerskate,0
3413,is_food,goanna,0
3414,is_food,pen,0
3415,is_food,television,0
3416,is_food,barrel,0
3417,is_food,corella,0
3418,is_food,tiger,0
3419,is_food,surfboard,0
3420,is_food,napkin,0
3421,is_food,panther,0
3422,is_food,lubber,0
3423,is_food,cutting_board,0
3424,is_food,weevil,0
3425,is_food,harpoon,0
3426,is_food,pamphlet,0
3427,is_food,whip,0
3428,is_food,toilet,0
3429,is_food,grenade,0
3430,is_food,machete,0
3431,is_food,french_horn,0
3432,is_food,bucket,0
3433,is_food,whistle,0
3434,is_food,blouse,0
3435,is_food,gloves,0
3436,is_food,poppy,0
3437,is_food,houseboat,0
3438,is_food,motorcycle,0
3439,is_food,pipe,0
3440,is_food,typewriter,0
3441,is_food,canoe,0
3442,is_food,banjo,0
3443,is_food,rocking_chair,0
3444,is_food,jug,0
3445,is_food,hatchet,0
3446,is_food,bayonet,0
3447,is_food,mop,0
3448,is_food,kayak,0
3449,is_food,strainer,0
3450,is_food,bomb,0
3451,is_food,fox,0
3452,is_food,clamp,0
3453,is_food,stinkbug,0
3454,is_food,zoo,0
3455,is_food,dresser,0
3456,is_food,galah,0
3457,is_food,window,0
3458,is_food,rocket,0
3459,is_food,bicycle,0
3460,is_food,mealybug,0
3461,is_food,ape,0
3462,is_food,bracelet,0
3463,is_food,crane,0
3464,is_food,perfume,0
3465,is_food,bottle,0
3466,is_food,dress,0
3467,is_food,tambourine,0
3468,is_food,jeans,0
3469,is_food,hutch,0
3470,is_food,aeroplane,0
3471,is_food,caravan,0
3472,is_food,tugboat,0
3473,is_food,iguana,0
3474,is_food,cradle,0
3475,is_food,suit,0
3476,is_food,caterpillar,0
3477,is_food,cage,0
3478,is_food,drum,0
3479,is_food,harp,0
3480,is_food,beak,0
3481,is_food,bag,0
3482,is_food,dagger,0
3483,is_food,crossbow,0
3484,is_food,dragonfly,0
3485,is_food,hornworm,0
3486,is_food,deckchair,0
3487,is_food,syringe,0
3488,is_food,owl,0
3489,is_food,sweater,0
3490,is_food,throne,0
3491,is_food,umbrella,0
3492,is_food,kitchen_scales,0
3493,is_food,pine,0
3494,is_food,microwave,0
3495,is_food,wetsuit,0
3496,is_food,jar,0
3497,is_food,plate,0
3498,is_food,hunter,0
3499,is_food,arrow,0
3500,is_food,crayon,0
3501,is_food,pencil,0
3502,is_food,needle,0
3503,is_food,python,0
3504,is_food,can_opener,0
3505,is_food,stockings,0
3506,is_food,doll,0
3507,is_food,bellows,0
3508,is_food,willow,0
3509,is_food,screwdriver,0
3510,is_food,stick,0
3511,is_food,accordion,0
3512,is_food,piano,0
3513,is_food,chainsaw,0
3514,is_food,basket,0
3515,is_food,jeep,0
3516,is_food,fridge,0
3517,is_food,skeeter,0
3518,is_food,frisbee,0
3519,is_food,koala_bear,0
3520,is_food,roo,0
3521,is_food,wheelbarrow,0
3522,is_food,harmonica,0
3523,is_food,cushion,0
3524,is_food,skis,0
3525,is_food,doorknob,0
3526,is_food,shawl,0
3527,is_food,football,0
3528,is_food,gown,0
3529,is_food,dice,0
3530,is_food,lorry,0
3531,is_food,ruler,0
3532,is_food,fir,0
3533,is_food,toaster,0
3534,is_food,veil,0
3535,is_food,mantis,0
3536,is_food,scythe,0
3537,is_food,oven,0
3538,is_food,dressing_gown,0
3539,is_food,violin,0
3540,is_food,box,0
3541,is_food,porsche,0
3542,is_food,cloak,0
3543,is_food,ashtray,0
3544,is_food,tricycle,0
3545,is_food,satchel,0
3546,is_a_fruit,raisin,1
3547,is_worn,whisk,0
3548,is_noisy_loud,clock,1
3549,is_noisy_loud,bellows,1
3550,is_noisy_loud,banjo,1
3551,is_noisy_loud,helicopter,1
3552,is_noisy_loud,accordion,1
3553,does_fly,beetle,1